"iso_alpha_3","administrative_area_level","data_type","url","title","year","bibtype","author","institution","textVersion"
"ABW",1,"latitude","https://www.cia.gov/library/publications/the-world-factbook/geos/aa.html","CIA - Central Intelligence Agency","2020",,,,
"ABW",1,"longitude","https://www.cia.gov/library/publications/the-world-factbook/geos/aa.html","CIA - Central Intelligence Agency","2020",,,,
"AIA",1,"population","https://www.cia.gov/library/publications/the-world-factbook/geos/av.html","CIA - Central Intelligence Agency","2020",,,,
"AIA",1,"latitude","https://www.cia.gov/library/publications/the-world-factbook/geos/av.html","CIA - Central Intelligence Agency","2020",,,,
"AIA",1,"longitude","https://www.cia.gov/library/publications/the-world-factbook/geos/av.html","CIA - Central Intelligence Agency","2020",,,,
"ALA",1,"population","https://en.wikipedia.org/wiki/Åland_Islands","Wikipedia","2019",,,,
"ALA",1,"latitude","https://en.wikipedia.org/wiki/Åland_Islands","Wikipedia","2019",,,,
"ALA",1,"longitude","https://en.wikipedia.org/wiki/Åland_Islands","Wikipedia","2019",,,,
"ANT",1,"population","https://www.wikipedia.org","Wikipedia","2010",,,,
"ANT",1,"latitude","https://www.geodatos.net/en/coordinates/netherlands-antilles","Geodatos","2020",,,,
"ANT",1,"longitude","https://www.geodatos.net/en/coordinates/netherlands-antilles","Geodatos","2020",,,,
"ASM",1,"deaths","https://github.com/CSSEGISandData/COVID-19","Johns Hopkins Center for Systems Science and Engineering","2020",,,,
"ASM",1,"confirmed","https://github.com/CSSEGISandData/COVID-19","Johns Hopkins Center for Systems Science and Engineering","2020",,,,
"ASM",1,"longitude","https://www.cia.gov/library/publications/the-world-factbook/geos/aq.html","CIA - Central Intelligence Agency","2020",,,,
"ASM",1,"latitude","https://www.cia.gov/library/publications/the-world-factbook/geos/aq.html","CIA - Central Intelligence Agency","2020",,,,
"ATA",1,"latitude","https://www.cia.gov/library/publications/the-world-factbook/geos/ay.html","CIA - Central Intelligence Agency","2020",,,,
"ATA",1,"longitude","https://www.cia.gov/library/publications/the-world-factbook/geos/ay.html","CIA - Central Intelligence Agency","2020",,,,
"AUS",1,"confirmed","https://github.com/M3IT/COVID-19_Data","Covid19data.com.au","2020",,,,
"AUS",1,"deaths","https://github.com/M3IT/COVID-19_Data","Covid19data.com.au","2020",,,,
"AUS",1,"tests","https://github.com/M3IT/COVID-19_Data","Covid19data.com.au","2020",,,,
"AUS",1,"recovered","https://github.com/M3IT/COVID-19_Data","Covid19data.com.au","2020",,,,
"AUS",1,"hosp","https://github.com/M3IT/COVID-19_Data","Covid19data.com.au","2020",,,,
"AUS",1,"icu","https://github.com/M3IT/COVID-19_Data","Covid19data.com.au","2020",,,,
"AUS",1,"vent","https://github.com/M3IT/COVID-19_Data","Covid19data.com.au","2020",,,,
"AUS",2,"population","https://www.abs.gov.au/AUSSTATS/abs@.nsf/DetailsPage/3101.0Sep%202019?OpenDocument","Australian Bureau of Statistics","2019",,,,
"AUS",2,"confirmed","https://github.com/M3IT/COVID-19_Data","Covid19data.com.au","2020",,,,
"AUS",2,"deaths","https://github.com/M3IT/COVID-19_Data","Covid19data.com.au","2020",,,,
"AUS",2,"tests","https://github.com/M3IT/COVID-19_Data","Covid19data.com.au","2020",,,,
"AUS",2,"recovered","https://github.com/M3IT/COVID-19_Data","Covid19data.com.au","2020",,,,
"AUS",2,"hosp","https://github.com/M3IT/COVID-19_Data","Covid19data.com.au","2020",,,,
"AUS",2,"icu","https://github.com/M3IT/COVID-19_Data","Covid19data.com.au","2020",,,,
"AUS",2,"vent","https://github.com/M3IT/COVID-19_Data","Covid19data.com.au","2020",,,,
"AUT",1,"deaths","https://info.gesundheitsministerium.at/","Open Government Data, Austria","2020",,,,
"AUT",1,"confirmed","https://info.gesundheitsministerium.at/","Open Government Data, Austria","2020",,,,
"AUT",1,"tests","https://info.gesundheitsministerium.at/","Open Government Data, Austria","2020",,,,
"AUT",1,"recovered","https://info.gesundheitsministerium.at/","Open Government Data, Austria","2020",,,,
"AUT",1,"hosp","https://info.gesundheitsministerium.at/","Open Government Data, Austria","2020",,,,
"AUT",1,"icu","https://info.gesundheitsministerium.at/","Open Government Data, Austria","2020",,,,
"AUT",1,"vent","https://info.gesundheitsministerium.at/","Open Government Data, Austria","2020",,,,
"AUT",2,"latitude","https://www.wikipedia.org","Wikipedia","2020",,,,
"AUT",2,"longitude","https://www.wikipedia.org","Wikipedia","2020",,,,
"AUT",2,"population","https://www.wikipedia.org","Wikipedia","2017",,,,
"BEL",1,"confirmed","https://epistat.sciensano.be","Epistat, Belgian Infectious Diseases","2020",,,,
"BEL",1,"hosp","https://epistat.sciensano.be","Epistat, Belgian Infectious Diseases","2020",,,,
"BEL",1,"icu","https://epistat.sciensano.be","Epistat, Belgian Infectious Diseases","2020",,,,
"BEL",1,"vent","https://epistat.sciensano.be","Epistat, Belgian Infectious Diseases","2020",,,,
"BEL",1,"deaths","https://epistat.sciensano.be","Epistat, Belgian Infectious Diseases","2020",,,,
"BEL",1,"tests","https://epistat.sciensano.be","Epistat, Belgian Infectious Diseases","2020",,,,
"BEL",2,"population","https://statbel.fgov.be/en/themes/population/structure-population","Statbel, Belgium in Figures","2019",,,,
"BEL",2,"latitude","https://www.wikipedia.org","Wikipedia","2019",,,,
"BEL",2,"longitude","https://www.wikipedia.org","Wikipedia","2019",,,,
"BEL",2,"confirmed","https://epistat.sciensano.be","Epistat, Belgian Infectious Diseases","2020",,,,
"BEL",2,"hosp","https://epistat.sciensano.be","Epistat, Belgian Infectious Diseases","2020",,,,
"BEL",2,"icu","https://epistat.sciensano.be","Epistat, Belgian Infectious Diseases","2020",,,,
"BEL",2,"vent","https://epistat.sciensano.be","Epistat, Belgian Infectious Diseases","2020",,,,
"BEL",2,"deaths","https://epistat.sciensano.be","Epistat, Belgian Infectious Diseases","2020",,,,
"BLM",1,"longitude","https://www.cia.gov/library/publications/the-world-factbook/geos/tb.html","CIA - Central Intelligence Agency","2020",,,,
"BLM",1,"latitude","https://www.cia.gov/library/publications/the-world-factbook/geos/tb.html","CIA - Central Intelligence Agency","2020",,,,
"BLM",1,"population","https://www.cia.gov/library/publications/the-world-factbook/geos/tb.html","CIA - Central Intelligence Agency","2020",,,,
"BMU",1,"latitude","https://www.cia.gov/library/publications/the-world-factbook/geos/bd.html","CIA - Central Intelligence Agency","2020",,,,
"BMU",1,"longitude","https://www.cia.gov/library/publications/the-world-factbook/geos/bd.html","CIA - Central Intelligence Agency","2020",,,,
"BOL",1,"longitude","https://www.cia.gov/library/publications/the-world-factbook/geos/bl.html","CIA - Central Intelligence Agency","2020",,,,
"BOL",1,"latitude","https://www.cia.gov/library/publications/the-world-factbook/geos/bl.html","CIA - Central Intelligence Agency","2020",,,,
"BRN",1,"longitude","https://www.cia.gov/library/publications/the-world-factbook/geos/bx.html","CIA - Central Intelligence Agency","2020",,,,
"BRN",1,"latitude","https://www.cia.gov/library/publications/the-world-factbook/geos/bx.html","CIA - Central Intelligence Agency","2020",,,,
"BVT",1,"latitude","https://www.cia.gov/library/publications/the-world-factbook/geos/bv.html","CIA - Central Intelligence Agency","2020",,,,
"BVT",1,"longitude","https://www.cia.gov/library/publications/the-world-factbook/geos/bv.html","CIA - Central Intelligence Agency","2020",,,,
"CAC",1,"tests","https://github.com/swsoyee/2019-ncov-japan","Japan COVID-19 Bulletin Board","2020",,,,
"CAC",1,"confirmed","https://github.com/swsoyee/2019-ncov-japan","Japan COVID-19 Bulletin Board","2020",,,,
"CAC",1,"deaths","https://github.com/swsoyee/2019-ncov-japan","Japan COVID-19 Bulletin Board","2020",,,,
"CAC",1,"recovered","https://github.com/swsoyee/2019-ncov-japan","Japan COVID-19 Bulletin Board","2020",,,,
"CAC",1,"hosp","https://github.com/swsoyee/2019-ncov-japan","Japan COVID-19 Bulletin Board","2020",,,,
"CAC",1,"vent","https://github.com/swsoyee/2019-ncov-japan","Japan COVID-19 Bulletin Board","2020",,,,
"CAC",1,"icu","https://github.com/swsoyee/2019-ncov-japan","Japan COVID-19 Bulletin Board","2020",,,,
"CAC",1,"severe","https://github.com/swsoyee/2019-ncov-japan","Japan COVID-19 Bulletin Board","2020",,,,
"CAC",1,"population","https://github.com/swsoyee/2019-ncov-japan","Japan COVID-19 Bulletin Board","2020",,,,
"CAN",1,"confirmed","https://health-infobase.canada.ca","Public Health Infobase, Government of Canada","2020",,,,
"CAN",1,"deaths","https://health-infobase.canada.ca","Public Health Infobase, Government of Canada","2020",,,,
"CAN",1,"tests","https://health-infobase.canada.ca","Public Health Infobase, Government of Canada","2020",,,,
"CAN",1,"recovered","https://health-infobase.canada.ca","Public Health Infobase, Government of Canada","2020",,,,
"CAN",2,"population","https://www150.statcan.gc.ca/t1/tbl1/en/tv.action?pid=1710000901","Canada's National Statistical Agency","2020",,,,
"CAN",2,"confirmed","https://health-infobase.canada.ca","Public Health Infobase, Government of Canada","2020",,,,
"CAN",2,"deaths","https://health-infobase.canada.ca","Public Health Infobase, Government of Canada","2020",,,,
"CAN",2,"tests","https://health-infobase.canada.ca","Public Health Infobase, Government of Canada","2020",,,,
"CAN",2,"recovered","https://health-infobase.canada.ca","Public Health Infobase, Government of Canada","2020",,,,
"CCK",1,"latitude","https://www.cia.gov/library/publications/the-world-factbook/geos/ck.html","CIA - Central Intelligence Agency","2020",,,,
"CCK",1,"longitude","https://www.cia.gov/library/publications/the-world-factbook/geos/ck.html","CIA - Central Intelligence Agency","2020",,,,
"CCK",1,"population","https://www.cia.gov/library/publications/the-world-factbook/geos/ck.html","CIA - Central Intelligence Agency","2020",,,,
"CHE",1,"latitude","https://www.bfs.admin.ch/bfs/en/home/statistics/regional-statistics/regional-portraits-key-figures/cantons/data-explanations.html","Swiss Federal Statistical Office","2018",,,,
"CHE",1,"longitude","https://www.bfs.admin.ch/bfs/en/home/statistics/regional-statistics/regional-portraits-key-figures/cantons/data-explanations.html","Swiss Federal Statistical Office","2018",,,,
"CHE",1,"population","https://www.bfs.admin.ch/bfs/en/home/statistics/regional-statistics/regional-portraits-key-figures/cantons/data-explanations.html","Swiss Federal Statistical Office","2018",,,,
"CHE",2,"deaths","https://github.com/openZH/covid_19","Open Government Data, Switzerland","2020",,,,
"CHE",2,"confirmed","https://github.com/openZH/covid_19","Open Government Data, Switzerland","2020",,,,
"CHE",2,"tests","https://github.com/openZH/covid_19","Open Government Data, Switzerland","2020",,,,
"CHE",2,"recovered","https://github.com/openZH/covid_19","Open Government Data, Switzerland","2020",,,,
"CHE",2,"hosp","https://github.com/openZH/covid_19","Open Government Data, Switzerland","2020",,,,
"CHE",2,"icu","https://github.com/openZH/covid_19","Open Government Data, Switzerland","2020",,,,
"CHE",2,"vent","https://github.com/openZH/covid_19","Open Government Data, Switzerland","2020",,,,
"CHE",2,"latitude","https://www.bfs.admin.ch/bfs/en/home/statistics/regional-statistics/regional-portraits-key-figures/cantons/data-explanations.html","Swiss Federal Statistical Office","2018",,,,
"CHE",2,"longitude","https://www.bfs.admin.ch/bfs/en/home/statistics/regional-statistics/regional-portraits-key-figures/cantons/data-explanations.html","Swiss Federal Statistical Office","2018",,,,
"CHE",2,"population","https://www.bfs.admin.ch/bfs/en/home/statistics/regional-statistics/regional-portraits-key-figures/cantons/data-explanations.html","Swiss Federal Statistical Office","2018",,,,
"CHN",1,"confirmed","https://covid19.who.int","World Health Organization","2020",,,,
"CHN",1,"deaths","https://covid19.who.int","World Health Organization","2020",,,,
"CHN",2,"population","http://data.stats.gov.cn/english/easyquery.htm?cn=E0103","National Bureau of Statistics of China NBS","2018",,,,
"CHN",2,"population","https://www.cia.gov/library/publications/the-world-factbook/geos/hk.html","CIA - Central Intelligence Agency","2020",,,,
"CHN",2,"population","https://www.cia.gov/library/publications/the-world-factbook/geos/mc.html","CIA - Central Intelligence Agency","2020",,,,
"CIV",1,"longitude","https://www.cia.gov/library/publications/the-world-factbook/geos/iv.html","CIA - Central Intelligence Agency","2020",,,,
"CIV",1,"latitude","https://www.cia.gov/library/publications/the-world-factbook/geos/iv.html","CIA - Central Intelligence Agency","2020",,,,
"COD",1,"longitude","https://www.cia.gov/library/publications/the-world-factbook/geos/cg.html","CIA - Central Intelligence Agency","2020",,,,
"COD",1,"latitude","https://www.cia.gov/library/publications/the-world-factbook/geos/cg.html","CIA - Central Intelligence Agency","2020",,,,
"COG",1,"longitude","https://www.cia.gov/library/publications/the-world-factbook/geos/cf.html","CIA - Central Intelligence Agency","2020",,,,
"COG",1,"latitude","https://www.cia.gov/library/publications/the-world-factbook/geos/cf.html","CIA - Central Intelligence Agency","2020",,,,
"COK",1,"population","https://www.cia.gov/library/publications/the-world-factbook/geos/cw.html","CIA - Central Intelligence Agency","2020",,,,
"COL",1,"deaths","https://www.datos.gov.co","Ministerio de Salud y Protección Social de Colombia","2020",,,,
"COL",1,"confirmed","https://www.datos.gov.co","Ministerio de Salud y Protección Social de Colombia","2020",,,,
"COL",1,"recovered","https://www.datos.gov.co","Ministerio de Salud y Protección Social de Colombia","2020",,,,
"COL",2,"recovered","https://www.datos.gov.co","Ministerio de Salud y Protección Social de Colombia","2020",,,,
"COL",2,"deaths","https://www.datos.gov.co","Ministerio de Salud y Protección Social de Colombia","2020",,,,
"COL",2,"confirmed","https://www.datos.gov.co","Ministerio de Salud y Protección Social de Colombia","2020",,,,
"COL",2,"population","https://en.wikipedia.org/wiki/Buenaventura,_Valle_del_Cauca","Wikipedia","2019",,,,
"COL",2,"latitude","https://en.wikipedia.org/wiki/Buenaventura,_Valle_del_Cauca","Wikipedia","2019",,,,
"COL",2,"longitude","https://en.wikipedia.org/wiki/Buenaventura,_Valle_del_Cauca","Wikipedia","2019",,,,
"COL",2,"population","https://en.wikipedia.org/wiki/Departments_of_Colombia","Wikipedia","2018",,,,
"COL",2,"latitude","https://en.wikipedia.org/wiki/Departments_of_Colombia","Wikipedia","2018",,,,
"COL",2,"longitude","https://en.wikipedia.org/wiki/Departments_of_Colombia","Wikipedia","2018",,,,
"COL",3,"deaths","https://www.datos.gov.co","Ministerio de Salud y Protección Social de Colombia","2020",,,,
"COL",3,"confirmed","https://www.datos.gov.co","Ministerio de Salud y Protección Social de Colombia","2020",,,,
"COL",3,"recovered","https://www.datos.gov.co","Ministerio de Salud y Protección Social de Colombia","2020",,,,
"COM",1,"longitude","https://www.cia.gov/library/publications/the-world-factbook/geos/cn.html","CIA - Central Intelligence Agency","2020",,,,
"COM",1,"latitude","https://www.cia.gov/library/publications/the-world-factbook/geos/cn.html","CIA - Central Intelligence Agency","2020",,,,
"CPV",1,"longitude","https://www.cia.gov/library/publications/the-world-factbook/geos/cv.html","CIA - Central Intelligence Agency","2020",,,,
"CPV",1,"latitude","https://www.cia.gov/library/publications/the-world-factbook/geos/cv.html","CIA - Central Intelligence Agency","2020",,,,
"CXR",1,"population","https://www.cia.gov/library/publications/the-world-factbook/geos/kt.html","CIA - Central Intelligence Agency","2020",,,,
"CXR",1,"latitude","https://www.cia.gov/library/publications/the-world-factbook/geos/kt.html","CIA - Central Intelligence Agency","2020",,,,
"CXR",1,"longitude","https://www.cia.gov/library/publications/the-world-factbook/geos/kt.html","CIA - Central Intelligence Agency","2016",,,,
"CYM",1,"latitude","https://www.cia.gov/library/publications/the-world-factbook/geos/cj.html","CIA - Central Intelligence Agency","2020",,,,
"CYM",1,"longitude","https://www.cia.gov/library/publications/the-world-factbook/geos/cj.html","CIA - Central Intelligence Agency","2020",,,,
"CZE",1,"confirmed","https://onemocneni-aktualne.mzcr.cz/covid-19","Ministery of Health of Czech Republic","2020",,,,
"CZE",1,"tests","https://onemocneni-aktualne.mzcr.cz/covid-19","Ministery of Health of Czech Republic","2020",,,,
"CZE",2,"population","https://www.czso.cz/csu/czso/demograficka-rocenka-kraju-2009-az-2018","Czech Statistical Office","2018",,,,
"CZE",2,"confirmed","https://onemocneni-aktualne.mzcr.cz/covid-19","Ministery of Health of Czech Republic","2020",,,,
"CZE",2,"deaths","https://onemocneni-aktualne.mzcr.cz/covid-19","Ministery of Health of Czech Republic","2020",,,,
"CZE",2,"recovered","https://onemocneni-aktualne.mzcr.cz/covid-19","Ministery of Health of Czech Republic","2020",,,,
"CZE",3,"confirmed","https://onemocneni-aktualne.mzcr.cz/covid-19","Ministery of Health of Czech Republic","2020",,,,
"CZE",3,"deaths","https://onemocneni-aktualne.mzcr.cz/covid-19","Ministery of Health of Czech Republic","2020",,,,
"CZE",3,"recovered","https://onemocneni-aktualne.mzcr.cz/covid-19","Ministery of Health of Czech Republic","2020",,,,
"DEU",1,"confirmed","https://npgeo-corona-npgeo-de.hub.arcgis.com/datasets/dd4580c810204019a7b8eb3e0b329dd6_0","Robert Koch-Institut","2020",,,,
"DEU",1,"deaths","https://npgeo-corona-npgeo-de.hub.arcgis.com/datasets/dd4580c810204019a7b8eb3e0b329dd6_0","Robert Koch-Institut","2020",,,,
"DEU",1,"recovered","https://npgeo-corona-npgeo-de.hub.arcgis.com/datasets/dd4580c810204019a7b8eb3e0b329dd6_0","Robert Koch-Institut","2020",,,,
"DEU",2,"confirmed","https://npgeo-corona-npgeo-de.hub.arcgis.com/datasets/dd4580c810204019a7b8eb3e0b329dd6_0","Robert Koch-Institut","2020",,,,
"DEU",2,"deaths","https://npgeo-corona-npgeo-de.hub.arcgis.com/datasets/dd4580c810204019a7b8eb3e0b329dd6_0","Robert Koch-Institut","2020",,,,
"DEU",2,"recovered","https://npgeo-corona-npgeo-de.hub.arcgis.com/datasets/dd4580c810204019a7b8eb3e0b329dd6_0","Robert Koch-Institut","2020",,,,
"DEU",2,"latitude","https://public.opendatasoft.com/explore/dataset/landkreise-in-germany/table/","GADM","2019",,,,
"DEU",2,"longitude","https://public.opendatasoft.com/explore/dataset/landkreise-in-germany/table/","GADM","2019",,,,
"DEU",3,"confirmed","https://npgeo-corona-npgeo-de.hub.arcgis.com/datasets/dd4580c810204019a7b8eb3e0b329dd6_0","Robert Koch-Institut","2020",,,,
"DEU",3,"deaths","https://npgeo-corona-npgeo-de.hub.arcgis.com/datasets/dd4580c810204019a7b8eb3e0b329dd6_0","Robert Koch-Institut","2020",,,,
"DEU",3,"recovered","https://npgeo-corona-npgeo-de.hub.arcgis.com/datasets/dd4580c810204019a7b8eb3e0b329dd6_0","Robert Koch-Institut","2020",,,,
"DEU",3,"latitude","https://public.opendatasoft.com/explore/dataset/landkreise-in-germany/table/","GADM","2019",,,,
"DEU",3,"longitude","https://public.opendatasoft.com/explore/dataset/landkreise-in-germany/table/","GADM","2019",,,,
"DPC",1,"tests","https://www.wikipedia.org","Wikipedia","2020",,,,
"DPC",1,"population","https://www.wikipedia.org","Wikipedia","2020",,,,
"ERI",1,"population","https://en.wikipedia.org/wiki/Demographics_of_Eritrea","Wikipedia","2019",,,,
"ESH",1,"population","https://www.cia.gov/library/publications/the-world-factbook/geos/wi.html","CIA - Central Intelligence Agency","2020",,,,
"FLK",1,"longitude","https://www.cia.gov/library/publications/the-world-factbook/geos/fk.html","CIA - Central Intelligence Agency","2020",,,,
"FLK",1,"latitude","https://www.cia.gov/library/publications/the-world-factbook/geos/fk.html","CIA - Central Intelligence Agency","2020",,,,
"FLK",1,"population","https://www.cia.gov/library/publications/the-world-factbook/geos/fk.html","CIA - Central Intelligence Agency","2016",,,,
"FRA",1,"icu","https://github.com/opencovid19-fr/data","OpenCOVID19 France","2020",,,,
"FRA",1,"hosp","https://github.com/opencovid19-fr/data","OpenCOVID19 France","2020",,,,
"FRA",1,"recovered","https://github.com/opencovid19-fr/data","OpenCOVID19 France","2020",,,,
"FRA",1,"deaths","https://github.com/opencovid19-fr/data","OpenCOVID19 France","2020",,,,
"FRA",1,"confirmed","https://github.com/opencovid19-fr/data","OpenCOVID19 France","2020",,,,
"FRA",1,"tests","https://github.com/opencovid19-fr/data","OpenCOVID19 France","2020",,,,
"FRA",2,"confirmed","https://github.com/opencovid19-fr/data","OpenCOVID19 France","2020",,,,
"FRA",2,"icu","https://github.com/opencovid19-fr/data","OpenCOVID19 France","2020",,,,
"FRA",2,"hosp","https://github.com/opencovid19-fr/data","OpenCOVID19 France","2020",,,,
"FRA",2,"deaths","https://github.com/opencovid19-fr/data","OpenCOVID19 France","2020",,,,
"FRA",2,"recovered","https://github.com/opencovid19-fr/data","OpenCOVID19 France","2020",,,,
"FRA",2,"tests","https://github.com/opencovid19-fr/data","OpenCOVID19 France","2020",,,,
"FRA",2,"latitude","https://en.wikipedia.org/wiki/Wallis_and_Futuna","Wikipedia","2018",,,,
"FRA",2,"longitude","https://en.wikipedia.org/wiki/Wallis_and_Futuna","Wikipedia","2018",,,,
"FRA",2,"latitude","https://it.wikipedia.org/wiki/Corsica","Wikipedia","2020",,,,
"FRA",2,"longitude","https://it.wikipedia.org/wiki/Corsica","Wikipedia","2020",,,,
"FRA",2,"latitude","https://en.wikipedia.org/wiki/Mayotte","Wikipedia","2020",,,,
"FRA",2,"longitude","https://en.wikipedia.org/wiki/Mayotte","Wikipedia","2020",,,,
"FRA",2,"latitude","https://it.wikipedia.org/wiki/Centro-Valle_della_Loira","Wikipedia","2020",,,,
"FRA",2,"longitude","https://it.wikipedia.org/wiki/Centro-Valle_della_Loira","Wikipedia","2020",,,,
"FRA",2,"latitude","https://en.wikipedia.org/wiki/Pays_de_la_Loire","Wikipedia","2020",,,,
"FRA",2,"longitude","https://en.wikipedia.org/wiki/Pays_de_la_Loire","Wikipedia","2020",,,,
"FRA",2,"latitude","https://en.wikipedia.org/wiki/Grand_Est","Wikipedia","2020",,,,
"FRA",2,"longitude","https://en.wikipedia.org/wiki/Grand_Est","Wikipedia","2020",,,,
"FRA",2,"latitude","https://en.wikipedia.org/wiki/Provence-Alpes-Côte_d%27Azur","Wikipedia","2020",,,,
"FRA",2,"longitude","https://en.wikipedia.org/wiki/Provence-Alpes-Côte_d%27Azur","Wikipedia","2020",,,,
"FRA",2,"latitude","https://en.wikipedia.org/wiki/Normandy","Wikipedia","2020",,,,
"FRA",2,"longitude","https://en.wikipedia.org/wiki/Normandy","Wikipedia","2020",,,,
"FRA",2,"latitude","https://en.wikipedia.org/wiki/Brittany_(administrative_region)","Wikipedia","2020",,,,
"FRA",2,"longitude","https://en.wikipedia.org/wiki/Brittany_(administrative_region)","Wikipedia","2020",,,,
"FRA",2,"latitude","https://it.wikipedia.org/wiki/Borgogna-Franca_Contea","Wikipedia","2020",,,,
"FRA",2,"longitude","https://it.wikipedia.org/wiki/Borgogna-Franca_Contea","Wikipedia","2020",,,,
"FRA",2,"latitude","https://it.wikipedia.org/wiki/Alvernia-Rodano-Alpi","Wikipedia","2020",,,,
"FRA",2,"longitude","https://it.wikipedia.org/wiki/Alvernia-Rodano-Alpi","Wikipedia","2020",,,,
"FRA",2,"latitude","https://it.wikipedia.org/wiki/Île-de-France","Wikipedia","2020",,,,
"FRA",2,"longitude","https://it.wikipedia.org/wiki/Île-de-France","Wikipedia","2020",,,,
"FRA",2,"latitude","https://it.wikipedia.org/wiki/Alta_Francia","Wikipedia","2020",,,,
"FRA",2,"longitude","https://it.wikipedia.org/wiki/Alta_Francia","Wikipedia","2020",,,,
"FRA",2,"latitude","https://it.wikipedia.org/wiki/Nuova_Aquitania","Wikipedia","2020",,,,
"FRA",2,"longitude","https://it.wikipedia.org/wiki/Nuova_Aquitania","Wikipedia","2020",,,,
"FRA",2,"latitude","https://it.wikipedia.org/wiki/Occitania_(regione_francese)","Wikipedia","2020",,,,
"FRA",2,"longitude","https://it.wikipedia.org/wiki/Occitania_(regione_francese)","Wikipedia","2020",,,,
"FRA",2,"population","https://en.wikipedia.org/wiki/Ranked_list_of_French_regions","Wikipedia","2016",,,,
"FRA",2,"population","https://en.wikipedia.org/wiki/Wallis_and_Futuna","Wikipedia","2018",,,,
"FRA",2,"population","https://www.cia.gov/library/publications/the-world-factbook/geos/","CIA - Central Intelligence Agency","2018",,,,
"FRA",3,"icu","https://github.com/opencovid19-fr/data","OpenCOVID19 France","2020",,,,
"FRA",3,"hosp","https://github.com/opencovid19-fr/data","OpenCOVID19 France","2020",,,,
"FRA",3,"recovered","https://github.com/opencovid19-fr/data","OpenCOVID19 France","2020",,,,
"FRA",3,"deaths","https://github.com/opencovid19-fr/data","OpenCOVID19 France","2020",,,,
"FRA",3,"tests","https://github.com/opencovid19-fr/data","OpenCOVID19 France","2020",,,,
"FRA",3,"confirmed","https://github.com/opencovid19-fr/data","OpenCOVID19 France","2020",,,,
"FRO",1,"latitude","https://www.cia.gov/library/publications/the-world-factbook/geos/fo.html","CIA - Central Intelligence Agency","2020",,,,
"FRO",1,"longitude","https://www.cia.gov/library/publications/the-world-factbook/geos/fo.html","CIA - Central Intelligence Agency","2020",,,,
"FSM",1,"longitude","https://www.cia.gov/library/publications/the-world-factbook/geos/fm.html","CIA - Central Intelligence Agency","2020",,,,
"FSM",1,"latitude","https://www.cia.gov/library/publications/the-world-factbook/geos/fm.html","CIA - Central Intelligence Agency","2020",,,,
"GBR",1,"deaths","https://coronavirus.data.gov.uk","Open Government Data, United Kingdom","2020",,,,
"GBR",2,"deaths","https://coronavirus.data.gov.uk","Open Government Data, United Kingdom","2020",,,,
"GBR",2,"confirmed","https://coronavirus.data.gov.uk","Open Government Data, United Kingdom","2020",,,,
"GBR",2,"population","https://coronavirus.data.gov.uk","Open Government Data, United Kingdom","2020",,,,
"GBR",2,"population","https://www.worldometers.info/world-population/channel-islands-population/","Worldometer","2018",,,,
"GBR",2,"population","https://data.worldbank.org/indicator/SP.POP.TOTL","World Bank Open Data","2018",,,,
"GBR",2,"population","https://en.wikipedia.org/wiki/Countries_of_the_United_Kingdom_by_population","Wikipedia","2018",,,,
"GBR",2,"latitude","https://en.wikipedia.org/wiki/Countries_of_the_United_Kingdom_by_population","Wikipedia","2018",,,,
"GBR",2,"longitude","https://en.wikipedia.org/wiki/Countries_of_the_United_Kingdom_by_population","Wikipedia","2018",,,,
"GBR",3,"deaths","https://coronavirus.data.gov.uk","Open Government Data, United Kingdom","2020",,,,
"GBR",3,"confirmed","https://coronavirus.data.gov.uk","Open Government Data, United Kingdom","2020",,,,
"GGY",1,"longitude","https://www.cia.gov/library/publications/the-world-factbook/geos/gk.html","CIA - Central Intelligence Agency","2020",,,,
"GGY",1,"latitude","https://www.cia.gov/library/publications/the-world-factbook/geos/gk.html","CIA - Central Intelligence Agency","2020",,,,
"GGY",1,"population","https://www.cia.gov/library/publications/the-world-factbook/geos/gk.html","CIA - Central Intelligence Agency","2020",,,,
"GIB",1,"longitude","https://www.cia.gov/library/publications/the-world-factbook/geos/gi.html","CIA - Central Intelligence Agency","2020",,,,
"GIB",1,"latitude","https://www.cia.gov/library/publications/the-world-factbook/geos/gi.html","CIA - Central Intelligence Agency","2020",,,,
"GLP",1,"population","https://en.wikipedia.org/wiki/Guadeloupe","Wikipedia","2016",,,,
"GLP",1,"latitude","https://www.geodatos.net/en/coordinates/guadeloupe","CIA - Central Intelligence Agency","2020",,,,
"GLP",1,"longitude","https://www.geodatos.net/en/coordinates/guadeloupe","CIA - Central Intelligence Agency","2020",,,,
"GPC",1,"population","https://en.wikipedia.org/wiki/COVID-19_pandemic_on_Grand_Princess","Wikipedia","2020",,,,
"GRL",1,"latitude","https://www.cia.gov/library/publications/the-world-factbook/geos/gl.html","CIA - Central Intelligence Agency","2020",,,,
"GRL",1,"longitude","https://www.cia.gov/library/publications/the-world-factbook/geos/gl.html","CIA - Central Intelligence Agency","2020",,,,
"GUF",1,"longitude","https://en.wikipedia.org/wiki/French_Guiana","Wikipedia","2020",,,,
"GUF",1,"latitude","https://en.wikipedia.org/wiki/French_Guiana","Wikipedia","2020",,,,
"GUF",1,"population","https://en.wikipedia.org/wiki/French_Guiana","Wikipedia","2020",,,,
"GUM",1,"latitude","https://www.cia.gov/library/publications/the-world-factbook/geos/gq.html","CIA - Central Intelligence Agency","2020",,,,
"GUM",1,"longitude","https://www.cia.gov/library/publications/the-world-factbook/geos/gq.html","CIA - Central Intelligence Agency","2020",,,,
"GUM",1,"deaths","https://github.com/CSSEGISandData/COVID-19","Johns Hopkins Center for Systems Science and Engineering","2020",,,,
"GUM",1,"confirmed","https://github.com/CSSEGISandData/COVID-19","Johns Hopkins Center for Systems Science and Engineering","2020",,,,
"HKG",1,"latitude","https://www.cia.gov/library/publications/the-world-factbook/geos/hk.html","CIA - Central Intelligence Agency","2020",,,,
"HKG",1,"longitude","https://www.cia.gov/library/publications/the-world-factbook/geos/hk.html","CIA - Central Intelligence Agency","2020",,,,
"HMD",1,"latitude","https://www.cia.gov/library/publications/the-world-factbook/geos/hm.html","CIA - Central Intelligence Agency","2020",,,,
"HMD",1,"longitude","https://www.cia.gov/library/publications/the-world-factbook/geos/hm.html","CIA - Central Intelligence Agency","2020",,,,
"HTI",2,"deaths","https://proxy.hxlstandard.org/data/738954","Ministry of Public Health and Population of Haiti","2020",,,,
"HTI",2,"confirmed","https://proxy.hxlstandard.org/data/738954","Ministry of Public Health and Population of Haiti","2020",,,,
"HTI",2,"population","https://en.wikipedia.org/wiki/Departments_of_Haiti","Wikipedia","2015",,,,
"HTI",2,"latitude","https://en.wikipedia.org/wiki/","Wikipedia","2020",,,,
"HTI",2,"longitude","https://en.wikipedia.org/wiki/","Wikipedia","2020",,,,
"IMN",1,"latitude","https://www.cia.gov/library/publications/the-world-factbook/geos/im.html","CIA - Central Intelligence Agency","2020",,,,
"IMN",1,"longitude","https://www.cia.gov/library/publications/the-world-factbook/geos/im.html","CIA - Central Intelligence Agency","2020",,,,
"IND",1,"deaths","https://www.covid19india.org/","COVID19-India API","2020",,,,
"IND",1,"confirmed","https://www.covid19india.org/","COVID19-India API","2020",,,,
"IND",1,"recovered","https://www.covid19india.org/","COVID19-India API","2020",,,,
"IND",1,"tests","https://github.com/owid/covid-19-data","Our World in Data","2020",,,,
"IND",2,"deaths","https://www.covid19india.org/","COVID19-India API","2020",,,,
"IND",2,"confirmed","https://www.covid19india.org/","COVID19-India API","2020",,,,
"IND",2,"recovered","https://www.covid19india.org/","COVID19-India API","2020",,,,
"IND",2,"latitude","https://www.covid19india.org/","COVID19-India API","2020",,,,
"IND",2,"longitude","https://www.covid19india.org/","COVID19-India API","2020",,,,
"IND",2,"population","https://en.wikipedia.org/wiki/Administrative_divisions_of_India","Wikipedia","2013",,,,
"IOT",1,"latitude","https://www.cia.gov/library/publications/the-world-factbook/geos/io.html","CIA - Central Intelligence Agency","2020",,,,
"IOT",1,"longitude","https://www.cia.gov/library/publications/the-world-factbook/geos/io.html","CIA - Central Intelligence Agency","2020",,,,
"IRN",1,"longitude","https://www.cia.gov/library/publications/the-world-factbook/geos/ir.html","CIA - Central Intelligence Agency","2020",,,,
"IRN",1,"latitude","https://www.cia.gov/library/publications/the-world-factbook/geos/ir.html","CIA - Central Intelligence Agency","2020",,,,
"ITA",1,"deaths","https://github.com/pcm-dpc/COVID-19","Ministero della Salute, Italia","2020",,,,
"ITA",1,"confirmed","https://github.com/pcm-dpc/COVID-19","Ministero della Salute, Italia","2020",,,,
"ITA",1,"tests","https://github.com/pcm-dpc/COVID-19","Ministero della Salute, Italia","2020",,,,
"ITA",1,"recovered","https://github.com/pcm-dpc/COVID-19","Ministero della Salute, Italia","2020",,,,
"ITA",1,"hosp","https://github.com/pcm-dpc/COVID-19","Ministero della Salute, Italia","2020",,,,
"ITA",1,"icu","https://github.com/pcm-dpc/COVID-19","Ministero della Salute, Italia","2020",,,,
"ITA",1,"vent","https://github.com/pcm-dpc/COVID-19","Ministero della Salute, Italia","2020",,,,
"ITA",2,"deaths","https://github.com/pcm-dpc/COVID-19","Ministero della Salute, Italia","2020",,,,
"ITA",2,"confirmed","https://github.com/pcm-dpc/COVID-19","Ministero della Salute, Italia","2020",,,,
"ITA",2,"tests","https://github.com/pcm-dpc/COVID-19","Ministero della Salute, Italia","2020",,,,
"ITA",2,"recovered","https://github.com/pcm-dpc/COVID-19","Ministero della Salute, Italia","2020",,,,
"ITA",2,"hosp","https://github.com/pcm-dpc/COVID-19","Ministero della Salute, Italia","2020",,,,
"ITA",2,"icu","https://github.com/pcm-dpc/COVID-19","Ministero della Salute, Italia","2020",,,,
"ITA",2,"vent","https://github.com/pcm-dpc/COVID-19","Ministero della Salute, Italia","2020",,,,
"ITA",2,"latitude","https://www.istat.it/en/population-and-households?data-and-indicators","Istituto Nazionale di Statistica, Italia","2018",,,,
"ITA",2,"longitude","https://www.istat.it/en/population-and-households?data-and-indicators","Istituto Nazionale di Statistica, Italia","2018",,,,
"ITA",2,"population","https://www.istat.it/en/population-and-households?data-and-indicators","Istituto Nazionale di Statistica, Italia","2018",,,,
"ITA",3,"deaths","https://github.com/CEEDS-DEMM/COVID-Pro-Dataset","Centre of Excellence in Economics and Data Science, University of Milano","2020",,,,
"ITA",3,"confirmed","https://github.com/pcm-dpc/COVID-19","Ministero della Salute, Italia","2020",,,,
"ITA",3,"tests","https://github.com/pcm-dpc/COVID-19","Ministero della Salute, Italia","2020",,,,
"ITA",3,"recovered","https://github.com/pcm-dpc/COVID-19","Ministero della Salute, Italia","2020",,,,
"ITA",3,"hosp","https://github.com/pcm-dpc/COVID-19","Ministero della Salute, Italia","2020",,,,
"ITA",3,"icu","https://github.com/pcm-dpc/COVID-19","Ministero della Salute, Italia","2020",,,,
"ITA",3,"vent","https://github.com/pcm-dpc/COVID-19","Ministero della Salute, Italia","2020",,,,
"ITA",3,"latitude","https://www.istat.it/en/population-and-households?data-and-indicators","Istituto Nazionale di Statistica, Italia","2018",,,,
"ITA",3,"longitude","https://www.istat.it/en/population-and-households?data-and-indicators","Istituto Nazionale di Statistica, Italia","2018",,,,
"ITA",3,"population","https://www.istat.it/en/population-and-households?data-and-indicators","Istituto Nazionale di Statistica, Italia","2018",,,,
"JEY",1,"longitude","https://www.cia.gov/library/publications/the-world-factbook/geos/je.html","CIA - Central Intelligence Agency","2020",,,,
"JEY",1,"latitude","https://www.cia.gov/library/publications/the-world-factbook/geos/je.html","CIA - Central Intelligence Agency","2020",,,,
"JEY",1,"population","https://www.cia.gov/library/publications/the-world-factbook/geos/je.html","CIA - Central Intelligence Agency","2020",,,,
"JPN",1,"tests","https://github.com/swsoyee/2019-ncov-japan","Japan COVID-19 Bulletin Board","2020",,,,
"JPN",1,"confirmed","https://github.com/swsoyee/2019-ncov-japan","Japan COVID-19 Bulletin Board","2020",,,,
"JPN",1,"deaths","https://github.com/swsoyee/2019-ncov-japan","Japan COVID-19 Bulletin Board","2020",,,,
"JPN",1,"recovered","https://github.com/swsoyee/2019-ncov-japan","Japan COVID-19 Bulletin Board","2020",,,,
"JPN",1,"hosp","https://github.com/swsoyee/2019-ncov-japan","Japan COVID-19 Bulletin Board","2020",,,,
"JPN",1,"vent","https://github.com/swsoyee/2019-ncov-japan","Japan COVID-19 Bulletin Board","2020",,,,
"JPN",1,"icu","https://github.com/swsoyee/2019-ncov-japan","Japan COVID-19 Bulletin Board","2020",,,,
"JPN",1,"severe","https://github.com/swsoyee/2019-ncov-japan","Japan COVID-19 Bulletin Board","2020",,,,
"JPN",1,"population","https://github.com/swsoyee/2019-ncov-japan","Japan COVID-19 Bulletin Board","2020",,,,
"JPN",2,"tests","https://github.com/swsoyee/2019-ncov-japan","Japan COVID-19 Bulletin Board","2020",,,,
"JPN",2,"confirmed","https://github.com/swsoyee/2019-ncov-japan","Japan COVID-19 Bulletin Board","2020",,,,
"JPN",2,"deaths","https://github.com/swsoyee/2019-ncov-japan","Japan COVID-19 Bulletin Board","2020",,,,
"JPN",2,"recovered","https://github.com/swsoyee/2019-ncov-japan","Japan COVID-19 Bulletin Board","2020",,,,
"JPN",2,"hosp","https://github.com/swsoyee/2019-ncov-japan","Japan COVID-19 Bulletin Board","2020",,,,
"JPN",2,"vent","https://github.com/swsoyee/2019-ncov-japan","Japan COVID-19 Bulletin Board","2020",,,,
"JPN",2,"icu","https://github.com/swsoyee/2019-ncov-japan","Japan COVID-19 Bulletin Board","2020",,,,
"JPN",2,"severe","https://github.com/swsoyee/2019-ncov-japan","Japan COVID-19 Bulletin Board","2020",,,,
"JPN",2,"population","https://github.com/swsoyee/2019-ncov-japan","Japan COVID-19 Bulletin Board","2020",,,,
"KIR",1,"longitude","https://www.cia.gov/library/publications/the-world-factbook/geos/kr.html","CIA - Central Intelligence Agency","2020",,,,
"KIR",1,"latitude","https://www.cia.gov/library/publications/the-world-factbook/geos/kr.html","CIA - Central Intelligence Agency","2020",,,,
"KOR",1,"longitude","https://www.cia.gov/library/publications/the-world-factbook/geos/ks.html","CIA - Central Intelligence Agency","2020",,,,
"KOR",1,"latitude","https://www.cia.gov/library/publications/the-world-factbook/geos/ks.html","CIA - Central Intelligence Agency","2020",,,,
"LAO",1,"longitude","https://www.cia.gov/library/publications/the-world-factbook/geos/la.html","CIA - Central Intelligence Agency","2020",,,,
"LAO",1,"latitude","https://www.cia.gov/library/publications/the-world-factbook/geos/la.html","CIA - Central Intelligence Agency","2020",,,,
"LBY",1,"latitude","https://www.cia.gov/library/publications/the-world-factbook/geos/ly.html","CIA - Central Intelligence Agency","2020",,,,
"LBY",1,"longitude","https://www.cia.gov/library/publications/the-world-factbook/geos/tv.html","CIA - Central Intelligence Agency","2020",,,,
"LIE",1,"deaths","https://github.com/openZH/covid_19","Open Government Data, Liechtenstein","2020",,,,
"LIE",1,"confirmed","https://github.com/openZH/covid_19","Open Government Data, Liechtenstein","2020",,,,
"LIE",1,"tests","https://github.com/openZH/covid_19","Open Government Data, Liechtenstein","2020",,,,
"LIE",1,"recovered","https://github.com/openZH/covid_19","Open Government Data, Liechtenstein","2020",,,,
"LIE",1,"hosp","https://github.com/openZH/covid_19","Open Government Data, Liechtenstein","2020",,,,
"LIE",1,"icu","https://github.com/openZH/covid_19","Open Government Data, Liechtenstein","2020",,,,
"LIE",1,"vent","https://github.com/openZH/covid_19","Open Government Data, Liechtenstein","2020",,,,
"LSO",1,"longitude","https://www.cia.gov/library/publications/the-world-factbook/geos/lt.html","CIA - Central Intelligence Agency","2020",,,,
"LSO",1,"latitude","https://www.cia.gov/library/publications/the-world-factbook/geos/lt.html","CIA - Central Intelligence Agency","2020",,,,
"LVA",1,"deaths","https://data.gov.lv/dati/dataset","Open Government Data, Latvia","2020",,,,
"LVA",1,"confirmed","https://data.gov.lv/dati/dataset","Open Government Data, Latvia","2020",,,,
"LVA",1,"tests","https://data.gov.lv/dati/dataset","Open Government Data, Latvia","2020",,,,
"LVA",2,"confirmed","https://data.gov.lv/dati/dataset","Open Government Data, Latvia","2020",,,,
"LVA",2,"latitude","https://geloky.com/geocoding/place/Valka+Latvia","Geloky","2019",,,,
"LVA",2,"longitude","https://geloky.com/geocoding/place/Valka+Latvia","Geloky","2019",,,,
"LVA",2,"latitude","https://en.wikipedia.org/","Wikipedia","2019",,,,
"LVA",2,"longitude","https://en.wikipedia.org/","Wikipedia","2019",,,,
"LVA",2,"population","https://en.wikipedia.org/","Wikipedia","2019",,,,
"MAC",1,"latitude","https://www.cia.gov/library/publications/the-world-factbook/geos/mc.html","CIA - Central Intelligence Agency","2020",,,,
"MAC",1,"longitude","https://www.cia.gov/library/publications/the-world-factbook/geos/mc.html","CIA - Central Intelligence Agency","2020",,,,
"MAF",1,"longitude","https://www.cia.gov/library/publications/the-world-factbook/geos/rn.html","CIA - Central Intelligence Agency","2020",,,,
"MAF",1,"latitude","https://www.cia.gov/library/publications/the-world-factbook/geos/rn.html","CIA - Central Intelligence Agency","2020",,,,
"MDA",1,"longitude","https://www.cia.gov/library/publications/the-world-factbook/geos/md.html","CIA - Central Intelligence Agency","2020",,,,
"MDA",1,"latitude","https://www.cia.gov/library/publications/the-world-factbook/geos/md.html","CIA - Central Intelligence Agency","2020",,,,
"MHL",1,"longitude","https://www.cia.gov/library/publications/the-world-factbook/geos/rm.html","CIA - Central Intelligence Agency","2020",,,,
"MHL",1,"latitude","https://www.cia.gov/library/publications/the-world-factbook/geos/rm.html","CIA - Central Intelligence Agency","2020",,,,
"MKD",1,"longitude","https://www.cia.gov/library/publications/the-world-factbook/geos/mk.html","CIA - Central Intelligence Agency","2020",,,,
"MKD",1,"latitude","https://www.cia.gov/library/publications/the-world-factbook/geos/mk.html","CIA - Central Intelligence Agency","2020",,,,
"MNP",1,"latitude","https://www.cia.gov/library/publications/the-world-factbook/geos/cq.html","CIA - Central Intelligence Agency","2020",,,,
"MNP",1,"longitude","https://www.cia.gov/library/publications/the-world-factbook/geos/cq.html","CIA - Central Intelligence Agency","2020",,,,
"MNP",1,"deaths","https://github.com/CSSEGISandData/COVID-19","Johns Hopkins Center for Systems Science and Engineering","2020",,,,
"MNP",1,"confirmed","https://github.com/CSSEGISandData/COVID-19","Johns Hopkins Center for Systems Science and Engineering","2020",,,,
"MSR",1,"population","https://www.cia.gov/library/publications/the-world-factbook/geos/mh.html","CIA - Central Intelligence Agency","2020",,,,
"MSR",1,"longitude","https://www.cia.gov/library/publications/the-world-factbook/geos/mh.html","CIA - Central Intelligence Agency","2020",,,,
"MSR",1,"latitude","https://www.cia.gov/library/publications/the-world-factbook/geos/mh.html","CIA - Central Intelligence Agency","2020",,,,
"MSZ",1,"deaths","https://github.com/CSSEGISandData/COVID-19","Johns Hopkins Center for Systems Science and Engineering","2020",,,,
"MSZ",1,"confirmed","https://github.com/CSSEGISandData/COVID-19","Johns Hopkins Center for Systems Science and Engineering","2020",,,,
"MSZ",1,"population","https://en.wikipedia.org/wiki/COVID-19_pandemic_on_cruise_ships#Zaandam_and_Rotterdam","Wikipedia","2020",,,,
"MTQ",1,"latitude","https://en.wikipedia.org/wiki/Martinique","Wikipedia","2020",,,,
"MTQ",1,"longitude","https://en.wikipedia.org/wiki/Martinique","Wikipedia","2020",,,,
"MTQ",1,"population","https://en.wikipedia.org/wiki/Martinique","Wikipedia","2016",,,,
"MYT",1,"population","https://it.wikipedia.org/wiki/Mayotte","Wikipedia","2017",,,,
"MYT",1,"latitude","https://it.wikipedia.org/wiki/Mayotte","Wikipedia","2017",,,,
"MYT",1,"longitude","https://it.wikipedia.org/wiki/Mayotte","Wikipedia","2017",,,,
"NCL",1,"longitude","https://www.cia.gov/library/publications/the-world-factbook/geos/nc.html","CIA - Central Intelligence Agency","2020",,,,
"NCL",1,"latitude","https://www.cia.gov/library/publications/the-world-factbook/geos/nc.html","CIA - Central Intelligence Agency","2020",,,,
"NFK",1,"longitude","https://www.cia.gov/library/publications/the-world-factbook/geos/nf.html","CIA - Central Intelligence Agency","2020",,,,
"NFK",1,"latitude","https://www.cia.gov/library/publications/the-world-factbook/geos/nf.html","CIA - Central Intelligence Agency","2020",,,,
"NFK",1,"population","https://www.cia.gov/library/publications/the-world-factbook/geos/nf.html","CIA - Central Intelligence Agency","2016",,,,
"NIU",1,"population","https://www.cia.gov/library/publications/the-world-factbook/geos/ne.html","CIA - Central Intelligence Agency","2019",,,,
"NIU",1,"latitude","https://www.cia.gov/library/publications/the-world-factbook/geos/ne.html","CIA - Central Intelligence Agency","2019",,,,
"NIU",1,"longitude","https://www.cia.gov/library/publications/the-world-factbook/geos/ne.html","CIA - Central Intelligence Agency","2020",,,,
"NLD",2,"longitude","https://it.wikipedia.org/wiki/Curaçao","Wikipedia","2020",,,,
"NLD",2,"latitude","https://it.wikipedia.org/wiki/Curaçao","Wikipedia","2020",,,,
"NLD",2,"longitude","https://en.wikipedia.org/wiki/Aruba","Wikipedia","2020",,,,
"NLD",2,"latitude","https://en.wikipedia.org/wiki/Aruba","Wikipedia","2020",,,,
"NLD",2,"longitude","https://en.wikipedia.org/wiki/Sint_Maarten","Wikipedia","2020",,,,
"NLD",2,"latitude","https://en.wikipedia.org/wiki/Sint_Maartena","Wikipedia","2020",,,,
"NLD",2,"longitude","https://it.wikipedia.org/wiki/Bonaire","Wikipedia","2020",,,,
"NLD",2,"latitude","https://it.wikipedia.org/wiki/Bonaire","Wikipedia","2020",,,,
"NRU",1,"longitude","https://www.cia.gov/library/publications/the-world-factbook/geos/nr.html","CIA - Central Intelligence Agency","2020",,,,
"NRU",1,"latitude","https://www.cia.gov/library/publications/the-world-factbook/geos/nr.html","CIA - Central Intelligence Agency","2020",,,,
"PCN",1,"longitude","https://www.cia.gov/library/publications/the-world-factbook/geos/pc.html","CIA - Central Intelligence Agency","2020",,,,
"PCN",1,"latitude","https://www.cia.gov/library/publications/the-world-factbook/geos/pc.html","CIA - Central Intelligence Agency","2020",,,,
"PCN",1,"population","https://www.cia.gov/library/publications/the-world-factbook/geos/pc.html","CIA - Central Intelligence Agency","2020",,,,
"PER",1,"tests","https://github.com/jmcastagnetto/covid-19-peru-data","COVID-19 Peru Data Repository","2020",,,,
"PER",1,"confirmed","https://github.com/jmcastagnetto/covid-19-peru-data","COVID-19 Peru Data Repository","2020",,,,
"PER",1,"deaths","https://github.com/jmcastagnetto/covid-19-peru-data","COVID-19 Peru Data Repository","2020",,,,
"PER",1,"recovered","https://github.com/jmcastagnetto/covid-19-peru-data","COVID-19 Peru Data Repository","2020",,,,
"PER",1,"hosp","https://github.com/jmcastagnetto/covid-19-peru-data","COVID-19 Peru Data Repository","2020",,,,
"PER",1,"vent","https://github.com/jmcastagnetto/covid-19-peru-data","COVID-19 Peru Data Repository","2020",,,,
"PER",2,"population","https://github.com/jmcastagnetto/covid-19-peru-data","COVID-19 Peru Data Repository","2019",,,,
"PER",2,"latitude","https://github.com/jmcastagnetto/covid-19-peru-data","COVID-19 Peru Data Repository","2020",,,,
"PER",2,"longitude","https://github.com/jmcastagnetto/covid-19-peru-data","COVID-19 Peru Data Repository","2020",,,,
"PER",2,"tests","https://github.com/jmcastagnetto/covid-19-peru-data","COVID-19 Peru Data Repository","2020",,,,
"PER",2,"confirmed","https://github.com/jmcastagnetto/covid-19-peru-data","COVID-19 Peru Data Repository","2020",,,,
"PER",2,"deaths","https://github.com/jmcastagnetto/covid-19-peru-data","COVID-19 Peru Data Repository","2020",,,,
"PER",2,"recovered","https://github.com/jmcastagnetto/covid-19-peru-data","COVID-19 Peru Data Repository","2020",,,,
"PLW",1,"longitude","https://www.cia.gov/library/publications/the-world-factbook/geos/ps.html","CIA - Central Intelligence Agency","2020",,,,
"PLW",1,"latitude","https://www.cia.gov/library/publications/the-world-factbook/geos/ps.html","CIA - Central Intelligence Agency","2020",,,,
"PRI",1,"latitude","https://www.cia.gov/library/publications/the-world-factbook/geos/rq.html","CIA - Central Intelligence Agency","2020",,,,
"PRI",1,"longitude","https://www.cia.gov/library/publications/the-world-factbook/geos/rq.html","CIA - Central Intelligence Agency","2020",,,,
"PRI",1,"deaths","https://github.com/nytimes/covid-19-data","The New York Times","2020",,,,
"PRI",1,"confirmed","https://github.com/nytimes/covid-19-data","The New York Times","2020",,,,
"PRI",3,"deaths","https://github.com/CSSEGISandData/COVID-19","Johns Hopkins Center for Systems Science and Engineering","2020",,,,
"PRI",3,"confirmed","https://github.com/CSSEGISandData/COVID-19","Johns Hopkins Center for Systems Science and Engineering","2020",,,,
"PRI",3,"population","https://github.com/CSSEGISandData/COVID-19","Johns Hopkins Center for Systems Science and Engineering","2020",,,,
"PRI",3,"latitude","https://github.com/CSSEGISandData/COVID-19","Johns Hopkins Center for Systems Science and Engineering","2020",,,,
"PRI",3,"longitude","https://github.com/CSSEGISandData/COVID-19","Johns Hopkins Center for Systems Science and Engineering","2020",,,,
"PRK",1,"latitude","https://www.cia.gov/library/publications/the-world-factbook/geos/kn.html","CIA - Central Intelligence Agency","2020",,,,
"PRK",1,"longitude","https://www.cia.gov/library/publications/the-world-factbook/geos/kn.html","CIA - Central Intelligence Agency","2020",,,,
"PYF",1,"latitude","https://www.cia.gov/library/publications/the-world-factbook/geos/fp.html","CIA - Central Intelligence Agency","2020",,,,
"PYF",1,"longitude","https://www.cia.gov/library/publications/the-world-factbook/geos/fp.html","CIA - Central Intelligence Agency","2020",,,,
"REU",1,"population","https://en.wikipedia.org/wiki/Réunion","Wikipedia","2020",,,,
"REU",1,"latitude","https://en.wikipedia.org/wiki/Réunion","Wikipedia","2020",,,,
"REU",1,"longitude","https://en.wikipedia.org/wiki/Réunion","Wikipedia","2020",,,,
"RKS",1,"population","https://www.cia.gov/library/publications/the-world-factbook/geos/kv.html","CIA - Central Intelligence Agency","2020",,,,
"RUS",1,"longitude","https://www.cia.gov/library/publications/the-world-factbook/geos/rs.html","CIA - Central Intelligence Agency","2020",,,,
"RUS",1,"latitude","https://www.cia.gov/library/publications/the-world-factbook/geos/rs.html","CIA - Central Intelligence Agency","2020",,,,
"RUS",2,"confirmed","https://github.com/grwlf/COVID-19_plus_Russia","COVID-19_plus_Russia GitHub repository","2020",,,,
"RUS",2,"latitude","https://github.com/grwlf/COVID-19_plus_Russia","COVID-19_plus_Russia GitHub repository","2020",,,,
"RUS",2,"longitude","https://github.com/grwlf/COVID-19_plus_Russia","COVID-19_plus_Russia GitHub repository","2020",,,,
"RUS",2,"population","https://en.wikipedia.org/wiki/","Wikipedia","2010",,,,
"RUS",2,"population","https://it.wikipedia.org/wiki/Mosca_(Russia)","Wikipedia","2020",,,,
"RUS",2,"population","https://it.wikipedia.org/wiki/Oblast%27_di_Perm%27","Wikipedia","2020",,,,
"SGS",1,"longitude","https://www.cia.gov/library/publications/the-world-factbook/geos/sx.html","CIA - Central Intelligence Agency","2020",,,,
"SGS",1,"latitude","https://www.cia.gov/library/publications/the-world-factbook/geos/sx.html","CIA - Central Intelligence Agency","2020",,,,
"SJM",1,"latitude","https://www.cia.gov/library/publications/the-world-factbook/geos/sv.html","CIA - Central Intelligence Agency","2020",,,,
"SJM",1,"longitude","https://www.cia.gov/library/publications/the-world-factbook/geos/sv.html","CIA - Central Intelligence Agency","2020",,,,
"SJM",1,"population","https://www.cia.gov/library/publications/the-world-factbook/geos/sv.html","CIA - Central Intelligence Agency","2019",,,,
"SLB",1,"longitude","https://www.cia.gov/library/publications/the-world-factbook/geos/bp.html","CIA - Central Intelligence Agency","2020",,,,
"SLB",1,"latitude","https://www.cia.gov/library/publications/the-world-factbook/geos/bp.html","CIA - Central Intelligence Agency","2020",,,,
"SPM",1,"population","https://www.cia.gov/library/publications/the-world-factbook/geos/sb.html","CIA - Central Intelligence Agency","2020",,,,
"SPM",1,"latitude","https://www.cia.gov/library/publications/the-world-factbook/geos/sb.html","CIA - Central Intelligence Agency","2020",,,,
"SPM",1,"longitude","https://www.cia.gov/library/publications/the-world-factbook/geos/sb.html","CIA - Central Intelligence Agency","2020",,,,
"SVN",1,"tests","https://www.gov.si/en/topics/coronavirus-disease-covid-19/","Ministery of Health, Slovenia","2020",,,,
"SVN",1,"confirmed","https://www.gov.si/en/topics/coronavirus-disease-covid-19/","Ministery of Health, Slovenia","2020",,,,
"SVN",1,"hosp","https://www.gov.si/en/topics/coronavirus-disease-covid-19/","Ministery of Health, Slovenia","2020",,,,
"SVN",1,"icu","https://www.gov.si/en/topics/coronavirus-disease-covid-19/","Ministery of Health, Slovenia","2020",,,,
"SVN",1,"recovered","https://www.gov.si/en/topics/coronavirus-disease-covid-19/","Ministery of Health, Slovenia","2020",,,,
"SVN",1,"deaths","https://www.gov.si/en/topics/coronavirus-disease-covid-19/","Ministery of Health, Slovenia","2020",,,,
"SWE",1,"deaths","https://oppnadata.se/datamangd/#esc_entry=1424&esc_context=525","Public Health Agency, Sweden","2020",,,,
"SWE",1,"confirmed","https://oppnadata.se/datamangd/#esc_entry=1424&esc_context=525","Public Health Agency, Sweden","2020",,,,
"SWE",1,"icu","https://oppnadata.se/datamangd/#esc_entry=1424&esc_context=525","Public Health Agency, Sweden","2020",,,,
"SWE",2,"confirmed","https://oppnadata.se/datamangd/#esc_entry=1424&esc_context=525","Public Health Agency, Sweden","2020",,,,
"SWE",2,"population","https://ec.europa.eu/eurostat","Eurostat","2019",,,,
"SWE",2,"population","https://en.wikipedia.org/wiki/","Wikipedia","2016",,,,
"SWE",2,"population","https://it.wikipedia.org/wiki/Jämtland","Wikipedia","2006",,,,
"SWE",2,"population","https://it.wikipedia.org/wiki/Örebro","Wikipedia","2010",,,,
"SWE",2,"population","https://it.wikipedia.org/wiki/Gotland","Wikipedia","2016",,,,
"SWE",2,"latitude","https://en.wikipedia.org/wiki","Wikipedia","2020",,,,
"SWE",2,"longitude","https://en.wikipedia.org/wiki","Wikipedia","2020",,,,
"SWZ",1,"longitude","https://www.cia.gov/library/publications/the-world-factbook/geos/wz.html","CIA - Central Intelligence Agency","2020",,,,
"SWZ",1,"latitude","https://www.cia.gov/library/publications/the-world-factbook/geos/wz.html","CIA - Central Intelligence Agency","2020",,,,
"SYR",1,"latitude","https://www.cia.gov/library/publications/the-world-factbook/geos/sy.html","CIA - Central Intelligence Agency","2020",,,,
"SYR",1,"longitude","https://www.cia.gov/library/publications/the-world-factbook/geos/sy.html","CIA - Central Intelligence Agency","2020",,,,
"TCA",1,"latitude","https://www.cia.gov/library/publications/the-world-factbook/geos/tk.html","CIA - Central Intelligence Agency","2020",,,,
"TCA",1,"longitude","https://www.cia.gov/library/publications/the-world-factbook/geos/tk.html","CIA - Central Intelligence Agency","2020",,,,
"TJK",1,"longitude","https://www.cia.gov/library/publications/the-world-factbook/geos/ti.html","CIA - Central Intelligence Agency","2020",,,,
"TJK",1,"latitude","https://www.cia.gov/library/publications/the-world-factbook/geos/ti.html","CIA - Central Intelligence Agency","2020",,,,
"TKL",1,"longitude","https://www.cia.gov/library/publications/the-world-factbook/geos/tl.html","CIA - Central Intelligence Agency","2020",,,,
"TKL",1,"latitude","https://www.cia.gov/library/publications/the-world-factbook/geos/tl.html","CIA - Central Intelligence Agency","2020",,,,
"TKL",1,"population","https://www.cia.gov/library/publications/the-world-factbook/geos/tl.html","CIA - Central Intelligence Agency","2019",,,,
"TKM",1,"longitude","https://www.cia.gov/library/publications/the-world-factbook/geos/tx.html","CIA - Central Intelligence Agency","2020",,,,
"TKM",1,"latitude","https://www.cia.gov/library/publications/the-world-factbook/geos/tx.html","CIA - Central Intelligence Agency","2020",,,,
"TON",1,"longitude","https://www.cia.gov/library/publications/the-world-factbook/geos/tn.html","CIA - Central Intelligence Agency","2020",,,,
"TON",1,"latitude","https://www.cia.gov/library/publications/the-world-factbook/geos/tn.html","CIA - Central Intelligence Agency","2020",,,,
"TUR",1,"tests","https://github.com/ozanerturk/covid19-turkey-api","COVID-19 Turkey API","2020",,,,
"TUR",1,"confirmed","https://github.com/ozanerturk/covid19-turkey-api","COVID-19 Turkey API","2020",,,,
"TUR",1,"recovered","https://github.com/ozanerturk/covid19-turkey-api","COVID-19 Turkey API","2020",,,,
"TUR",1,"deaths","https://github.com/ozanerturk/covid19-turkey-api","COVID-19 Turkey API","2020",,,,
"TUR",1,"vent","https://github.com/ozanerturk/covid19-turkey-api","COVID-19 Turkey API","2020",,,,
"TUR",1,"icu","https://github.com/ozanerturk/covid19-turkey-api","COVID-19 Turkey API","2020",,,,
"TUV",1,"longitude","https://www.cia.gov/library/publications/the-world-factbook/geos/tv.html","CIA - Central Intelligence Agency","2020",,,,
"TUV",1,"latitude","https://www.cia.gov/library/publications/the-world-factbook/geos/tv.html","CIA - Central Intelligence Agency","2020",,,,
"TWN",1,"latitude","https://www.cia.gov/library/publications/the-world-factbook/geos/tw.html","CIA - Central Intelligence Agency","2020",,,,
"TWN",1,"longitude","https://www.cia.gov/library/publications/the-world-factbook/geos/tw.html","CIA - Central Intelligence Agency","2020",,,,
"TWN",1,"population","https://www.cia.gov/library/publications/the-world-factbook/geos/tw.html","CIA - Central Intelligence Agency","2020",,,,
"TZA",1,"longitude","https://www.cia.gov/library/publications/the-world-factbook/geos/tz.html","CIA - Central Intelligence Agency","2020",,,,
"TZA",1,"latitude","https://www.cia.gov/library/publications/the-world-factbook/geos/tz.html","CIA - Central Intelligence Agency","2020",,,,
"USA",1,"longitude","https://www.cia.gov/library/publications/the-world-factbook/geos/us.html","CIA - Central Intelligence Agency","2020",,,,
"USA",1,"latitude","https://www.cia.gov/library/publications/the-world-factbook/geos/us.html","CIA - Central Intelligence Agency","2020",,,,
"USA",1,"deaths","https://github.com/CSSEGISandData/COVID-19","Johns Hopkins Center for Systems Science and Engineering","2020",,,,
"USA",1,"confirmed","https://github.com/CSSEGISandData/COVID-19","Johns Hopkins Center for Systems Science and Engineering","2020",,,,
"USA",1,"population","https://github.com/CSSEGISandData/COVID-19","Johns Hopkins Center for Systems Science and Engineering","2020",,,,
"USA",2,"latitude","https://github.com/CSSEGISandData/COVID-19","Johns Hopkins Center for Systems Science and Engineering","2020",,,,
"USA",2,"longitude","https://github.com/CSSEGISandData/COVID-19","Johns Hopkins Center for Systems Science and Engineering","2020",,,,
"USA",2,"population","https://github.com/CSSEGISandData/COVID-19","Johns Hopkins Center for Systems Science and Engineering","2020",,,,
"USA",2,"confirmed","https://covidtracking.com","The COVID Tracking Project","2020",,,,
"USA",2,"deaths","https://covidtracking.com","The COVID Tracking Project","2020",,,,
"USA",2,"tests","https://covidtracking.com","The COVID Tracking Project","2020",,,,
"USA",2,"recovered","https://covidtracking.com","The COVID Tracking Project","2020",,,,
"USA",2,"hosp","https://covidtracking.com","The COVID Tracking Project","2020",,,,
"USA",2,"icu","https://covidtracking.com","The COVID Tracking Project","2020",,,,
"USA",2,"vent","https://covidtracking.com","The COVID Tracking Project","2020",,,,
"USA",3,"confirmed","https://github.com/nytimes/covid-19-data","The New York Times","2020",,,,
"USA",3,"deaths","https://github.com/nytimes/covid-19-data","The New York Times","2020",,,,
"USA",3,"deaths","https://github.com/CSSEGISandData/COVID-19","Johns Hopkins Center for Systems Science and Engineering","2020",,,,
"USA",3,"confirmed","https://github.com/CSSEGISandData/COVID-19","Johns Hopkins Center for Systems Science and Engineering","2020",,,,
"VAT",1,"population","https://www.cia.gov/library/publications/the-world-factbook/geos/vt.html","CIA - Central Intelligence Agency","2019",,,,
"VAT",1,"latitude","https://www.cia.gov/library/publications/the-world-factbook/geos/vt.html","CIA - Central Intelligence Agency","2019",,,,
"VAT",1,"longitude","https://www.cia.gov/library/publications/the-world-factbook/geos/vt.html","CIA - Central Intelligence Agency","2019",,,,
"VEN",1,"longitude","https://www.cia.gov/library/publications/the-world-factbook/geos/ve.html","CIA - Central Intelligence Agency","2020",,,,
"VEN",1,"latitude","https://www.cia.gov/library/publications/the-world-factbook/geos/ve.html","CIA - Central Intelligence Agency","2020",,,,
"VIR",1,"latitude","https://www.cia.gov/library/publications/the-world-factbook/geos/vq.html","CIA - Central Intelligence Agency","2020",,,,
"VIR",1,"longitude","https://www.cia.gov/library/publications/the-world-factbook/geos/vq.html","CIA - Central Intelligence Agency","2020",,,,
"VIR",1,"deaths","https://github.com/CSSEGISandData/COVID-19","Johns Hopkins Center for Systems Science and Engineering","2020",,,,
"VIR",1,"confirmed","https://github.com/CSSEGISandData/COVID-19","Johns Hopkins Center for Systems Science and Engineering","2020",,,,
"VNM",1,"longitude","https://www.cia.gov/library/publications/the-world-factbook/geos/vm.html","CIA - Central Intelligence Agency","2020",,,,
"VNM",1,"latitude","https://www.cia.gov/library/publications/the-world-factbook/geos/vm.html","CIA - Central Intelligence Agency","2020",,,,
"VUT",1,"longitude","https://www.cia.gov/library/publications/the-world-factbook/geos/nh.html","CIA - Central Intelligence Agency","2020",,,,
"VUT",1,"latitude","https://www.cia.gov/library/publications/the-world-factbook/geos/nh.html","CIA - Central Intelligence Agency","2020",,,,
"WLF",1,"longitude","https://www.cia.gov/library/publications/the-world-factbook/geos/wf.html","CIA - Central Intelligence Agency","2020",,,,
"WLF",1,"latitude","https://www.cia.gov/library/publications/the-world-factbook/geos/wf.html","CIA - Central Intelligence Agency","2020",,,,
"WLF",1,"population","https://www.cia.gov/library/publications/the-world-factbook/geos/wf.html","CIA - Central Intelligence Agency","2020",,,,
"WSM",1,"longitude","https://www.cia.gov/library/publications/the-world-factbook/geos/ws.html","CIA - Central Intelligence Agency","2020",,,,
"WSM",1,"latitude","https://www.cia.gov/library/publications/the-world-factbook/geos/ws.html","CIA - Central Intelligence Agency","2020",,,,
"ZAF",1,"deaths","https://github.com/dsfsi/covid19za","Data Science for Social Impact research group, University of Pretoria","2020",,,,
"ZAF",1,"confirmed","https://github.com/dsfsi/covid19za","Data Science for Social Impact research group, University of Pretoria","2020",,,,
"ZAF",1,"tests","https://github.com/dsfsi/covid19za","Data Science for Social Impact research group, University of Pretoria","2020",,,,
"ZAF",1,"recovered","https://github.com/dsfsi/covid19za","Data Science for Social Impact research group, University of Pretoria","2020",,,,
"ZAF",1,"hosp","https://github.com/dsfsi/covid19za","Data Science for Social Impact research group, University of Pretoria","2020",,,,
"ZAF",1,"icu","https://github.com/dsfsi/covid19za","Data Science for Social Impact research group, University of Pretoria","2020",,,,
"ZAF",1,"vent","https://github.com/dsfsi/covid19za","Data Science for Social Impact research group, University of Pretoria","2020",,,,
"ZAF",2,"confirmed","https://github.com/dsfsi/covid19za","Data Science for Social Impact research group, University of Pretoria","2020",,,,
"ZAF",2,"population","https://www.wikipedia.org","Wikipedia","2018",,,,
"ZAF",2,"latitude","https://www.wikipedia.org","Wikipedia","2019",,,,
"ZAF",2,"longitude","https://www.wikipedia.org","Wikipedia","2019",,,,
,,"deaths","https://github.com/CSSEGISandData/COVID-19","Johns Hopkins Center for Systems Science and Engineering","2020",,,,
,,"confirmed","https://github.com/CSSEGISandData/COVID-19","Johns Hopkins Center for Systems Science and Engineering","2020",,,,
,,"tests","https://github.com/owid/covid-19-data","Our World in Data","2020",,,,
,,"recovered","https://github.com/CSSEGISandData/COVID-19","Johns Hopkins Center for Systems Science and Engineering","2020",,,,
,,"latitude","https://github.com/CSSEGISandData/COVID-19","Johns Hopkins Center for Systems Science and Engineering","2020",,,,
,,"longitude","https://github.com/CSSEGISandData/COVID-19","Johns Hopkins Center for Systems Science and Engineering","2020",,,,
,,"school_closing","www.bsg.ox.ac.uk/covidtracker","Oxford COVID-19 Government Response Tracker","2020",,"Hale Thomas, Sam Webster, Anna Petherick, Toby Phillips, Beatriz Kira","Blavatnik School of Government","Hale Thomas, Sam Webster, Anna Petherick, Toby Phillips, and Beatriz Kira (2020). Oxford COVID-19 Government Response Tracker, Blavatnik School of Government."
,,"workplace_closing","www.bsg.ox.ac.uk/covidtracker","Oxford COVID-19 Government Response Tracker","2020",,"Hale Thomas, Sam Webster, Anna Petherick, Toby Phillips, Beatriz Kira","Blavatnik School of Government","Hale Thomas, Sam Webster, Anna Petherick, Toby Phillips, and Beatriz Kira (2020). Oxford COVID-19 Government Response Tracker, Blavatnik School of Government."
,,"cancel_events","www.bsg.ox.ac.uk/covidtracker","Oxford COVID-19 Government Response Tracker","2020",,"Hale Thomas, Sam Webster, Anna Petherick, Toby Phillips, Beatriz Kira","Blavatnik School of Government","Hale Thomas, Sam Webster, Anna Petherick, Toby Phillips, and Beatriz Kira (2020). Oxford COVID-19 Government Response Tracker, Blavatnik School of Government."
,,"transport_closing","www.bsg.ox.ac.uk/covidtracker","Oxford COVID-19 Government Response Tracker","2020",,"Hale Thomas, Sam Webster, Anna Petherick, Toby Phillips, Beatriz Kira","Blavatnik School of Government","Hale Thomas, Sam Webster, Anna Petherick, Toby Phillips, and Beatriz Kira (2020). Oxford COVID-19 Government Response Tracker, Blavatnik School of Government."
,,"information_campaigns","www.bsg.ox.ac.uk/covidtracker","Oxford COVID-19 Government Response Tracker","2020",,"Hale Thomas, Sam Webster, Anna Petherick, Toby Phillips, Beatriz Kira","Blavatnik School of Government","Hale Thomas, Sam Webster, Anna Petherick, Toby Phillips, and Beatriz Kira (2020). Oxford COVID-19 Government Response Tracker, Blavatnik School of Government."
,,"internal_movement_restrictions","www.bsg.ox.ac.uk/covidtracker","Oxford COVID-19 Government Response Tracker","2020",,"Hale Thomas, Sam Webster, Anna Petherick, Toby Phillips, Beatriz Kira","Blavatnik School of Government","Hale Thomas, Sam Webster, Anna Petherick, Toby Phillips, and Beatriz Kira (2020). Oxford COVID-19 Government Response Tracker, Blavatnik School of Government."
,,"international_movement_restrictions","www.bsg.ox.ac.uk/covidtracker","Oxford COVID-19 Government Response Tracker","2020",,"Hale Thomas, Sam Webster, Anna Petherick, Toby Phillips, Beatriz Kira","Blavatnik School of Government","Hale Thomas, Sam Webster, Anna Petherick, Toby Phillips, and Beatriz Kira (2020). Oxford COVID-19 Government Response Tracker, Blavatnik School of Government."
,,"testing_policy","www.bsg.ox.ac.uk/covidtracker","Oxford COVID-19 Government Response Tracker","2020",,"Hale Thomas, Sam Webster, Anna Petherick, Toby Phillips, Beatriz Kira","Blavatnik School of Government","Hale Thomas, Sam Webster, Anna Petherick, Toby Phillips, and Beatriz Kira (2020). Oxford COVID-19 Government Response Tracker, Blavatnik School of Government."
,,"contact_tracing","www.bsg.ox.ac.uk/covidtracker","Oxford COVID-19 Government Response Tracker","2020",,"Hale Thomas, Sam Webster, Anna Petherick, Toby Phillips, Beatriz Kira","Blavatnik School of Government","Hale Thomas, Sam Webster, Anna Petherick, Toby Phillips, and Beatriz Kira (2020). Oxford COVID-19 Government Response Tracker, Blavatnik School of Government."
,,"stringency_index","www.bsg.ox.ac.uk/covidtracker","Oxford COVID-19 Government Response Tracker","2020",,"Hale Thomas, Sam Webster, Anna Petherick, Toby Phillips, Beatriz Kira","Blavatnik School of Government","Hale Thomas, Sam Webster, Anna Petherick, Toby Phillips, and Beatriz Kira (2020). Oxford COVID-19 Government Response Tracker, Blavatnik School of Government."
,,"population","https://data.worldbank.org/indicator/SP.POP.TOTL","World Bank Open Data","2018",,,,
