"id","id_gov_co","administrative_area_level","administrative_area_level_2","administrative_area_level_3","latitude","longitude","population","key_numeric","key_google_mobility"
"475b73d2","Bogotá D.C.",2,"Bogotá",,4.711111,-74.072222,74130000,11,"Bogota"
"7d68ecf4","Antioquia",2,"Antioquia",,6.216667,-75.566667,6407102,5,"Antioquia"
"581f58ea","Valle del Cauca",2,"Valle del Cauca",,3.416667,-76.516667,4475886,76,"Valle del Cauca"
"4499619e","Cartagena D.T. y C.",2,"Cartagena de Indias",,10.4,-75.5,1028736,13,
"3b8455d4","Huila",2,"Huila",,-14.25,14.833333,2497422,41,"Huila"
"6d092705","Caldas",2,"Caldas",,5.1,-75.55,998225,17,"Caldas"
"725a0634","Meta",2,"Meta",,4.15,-73.633333,1039722,50,"Meta"
"a524c5a4","Risaralda",2,"Risaralda",,4.816667,-75.7,943401,66,"Risaralda"
"580019e5","Cundinamarca",2,"Cundinamarca",,4.6,-74.083333,2919060,25,"Cundinamarca"
"b5bc1dbe","Norte de Santander",2,"Norte de Santander",,7.9,-72.5,1491689,54,"North Santander"
"d83d7857","Santander",2,"Santander",,7.133333,-73,2184837,68,"Santander"
"dcab017a","Barranquilla D.E.",2,"Barranquilla",,10.963889,-74.796389,2370753,8,
"ca1ff43c","Quindío",2,"Quindio",,4.533333,-75.7,539904,63,"Quindio"
"9b3e0650","Tolima",2,"Tolima",,4.433333,-75.233333,1330187,73,"Tolima"
"018be2d6","Cauca",2,"Cauca",,2.45,-76.616667,1464488,19,"Cauca"
"743b99dc","Santa Marta D.T. y C.",2,"Santa Marta",,11.241944,-74.205278,499192,47,
"00cd1936","Archipiélago de San Andrés Providencia y Santa Catalina",2,"Archipiélago de San Andrés Providencia y Santa Catalina",,12.55,-81.716667,61280,88,"San Andres and Providencia"
"0c16339f","Casanare",2,"Casanare",,5.35,-72.41,420504,85,"Casanare"
"3cec2a6f","Cesar",2,"Cesar",,10.483333,-73.25,1200574,20,"Cesar"
"65396842","Nariño",2,"Nariño",,1.166667,-77.266667,1630592,52,"Narino"
"350675b6","Atlántico",2,"Atlántico",,10.983333,-74.783333,2535517,8,"Atlantico"
"925ad31b","Boyacá",2,"Boyacá",,5.533333,-73.366667,1217376,15,"Boyaca"
"fe468e2d","Bolívar",2,"Bolívar",,10.4,-75.5,2070110,13,"Bolivar"
"cb099399","Córdoba",2,"Córdoba",,8.75,-75.883333,1784783,23,"Cordoba"
"f20f8d57","Sucre",2,"Sucre",,9.3,-75.4,904863,70,"Sucre"
"e6f09c55","Magdalena",2,"Magdalena",,11.241944,-74.205278,1341746,47,"Magdalena"
"0469cd13","La Guajira",2,"La Guajira",,11.55,-72.9,880560,44,"La Guajira"
"bf767096","Buenaventura D.E.",2,"Buenaventura",,3.877222,-77.026667,432385,76,
"d0c8e5b2","Chocó",2,"Chocó",,5.7,-76.666667,534826,27,"Choco"
"718a569d","Caquetá",2,"Caquetá",,1.616667,-75.6,401849,18,"Caqueta"
"f6668f0e","Amazonas",2,"Amazonas",,4.2,-69.916667,76589,91,"Amazonas"
"f442234b","Putumayo",2,"Putumayo",,1.15,-76.616667,348182,86,"Putumayo"
"2980690c","Arauca",2,"Arauca",,7.083333,-70.75,262174,81,"Arauca"
"3823baf8","Vaupés",2,"Vaupés",,1.2,-70.166667,40797,97,
"432g43f8","Guainía",2,"Guainía",,2.5854,-68.5247,48114,94,
"v9324r34","Vichada",2,"Vichada",,4.4234,-69.2878,107808,99,"Vichada"
"c867aC9c","Guaviare",2,"Guaviare",,1.0654,-73.2603,82767,95,
"c5384e93","11001",3,"Bogotá d C.","Bogotá",,,,11001,
"cf76d8fc","76111",3,"Valle del Cauca","Guadalajara de Buga",,,,76111,
"49d8b9e9","5001",3,"Antioquia","Medellín",,,,5001,
"6f318618","13001",3,"Bolívar","Cartagena de Indias",,,,13001,
"6ac390a0","5360",3,"Antioquia","Itagüí",,,,5360,
"0dd8c1e3","41001",3,"Huila","Neiva",,,,41001,
"d7af838a","76001",3,"Valle del Cauca","Cali",,,,76001,
"e053114f","17001",3,"Caldas","Manizales",,,,17001,
"94551375","76520",3,"Valle del Cauca","Palmira",,,,76520,
"88048f36","50001",3,"Meta","Villavicencio",,,,50001,
"d34b665c","66170",3,"Risaralda","Dosquebradas",,,,66170,
"53233003","5615",3,"Antioquia","Rionegro",,,,5615,
"0a10dd09","68001",3,"Santander","Bucaramanga",,,,68001,
"07661861","54001",3,"Norte de Santander","Cúcuta",,,,54001,
"50349a25","25769",3,"Cundinamarca","Subachoque",,,,25769,
"bbb26134","8001",3,"Atlántico","Barranquilla",,,,8001,
"d8b10a03","68276",3,"Santander","Floridablanca",,,,68276,
"05a8b55b","25754",3,"Cundinamarca","Soacha",,,,25754,
"dd115a08","63001",3,"Quindio","Armenia",,,,63001,
"a06a3e02","25126",3,"Cundinamarca","Cajicá",,,,25126,
"e07173b8","73001",3,"Tolima","Ibagué",,,,73001,
"eacfaa3a","66001",3,"Risaralda","Pereira",,,,66001,
"008c667c","19001",3,"Cauca","Popayán",,,,19001,
"48627305","17877",3,"Caldas","Viterbo",,,,17877,
"21ba34ce","25035",3,"Cundinamarca","Anapoima",,,,25035,
"44149bfd","25175",3,"Cundinamarca","Chía",,,,25175,
"82625fa2","5266",3,"Antioquia","Envigado",,,,5266,
"f440bd2e","5380",3,"Antioquia","La Estrella",,,,5380,
"56d9689d","25430",3,"Cundinamarca","Madrid",,,,25430,
"28b39e3f","47001",3,"Magdalena","Santa Marta",,,,47001,
"f8dd8b45","5088",3,"Antioquia","Bello",,,,5088,
"5b62898c","76147",3,"Valle del Cauca","Cartago",,,,76147,
"2b598e55","5318",3,"Antioquia","Guarne",,,,5318,
"365e2b91","54874",3,"Norte de Santander","Villa del Rosario",,,,54874,
"80f9536a","63130",3,"Quindio","Calarcá",,,,63130,
"deba1930","17174",3,"Caldas","Chinchiná",,,,17174,
"79a86532","5321",3,"Antioquia","Guatapé",,,,5321,
"5dcb1588","17380",3,"Caldas","La Dorada",,,,17380,
"b5206368","88001",3,"Archipiélago de San Andrés Providencia y Santa Catalina","San Andrés",,,,88001,
"3a245326","20001",3,"Cesar","Valledupar",,,,20001,
"474abbb5","85001",3,"Casanare","Yopal",,,,85001,
"917738c1","76892",3,"Valle del Cauca","Yumbo",,,,76892,
"2ad9b8f4","5045",3,"Antioquia","Apartadó",,,,5045,
"670fb2b4","25214",3,"Cundinamarca","Cota",,,,25214,
"fc243192","25513",3,"Cundinamarca","Pacho",,,,25513,
"a436606e","5607",3,"Antioquia","Retiro",,,,5607,
"66789698","5631",3,"Antioquia","Sabaneta",,,,5631,
"92560814","76828",3,"Valle del Cauca","Trujillo",,,,76828,
"4f0fb71c","17873",3,"Caldas","Villamaría",,,,17873,
"7a3f1e9c","76126",3,"Valle del Cauca","Calima",,,,76126,
"58c368d1","25286",3,"Cundinamarca","Funza",,,,25286,
"a8bbfca5","25290",3,"Cundinamarca","Fusagasugá",,,,25290,
"c3589802","52356",3,"Nariño","Ipiales",,,,52356,
"a99e2ebf","25377",3,"Cundinamarca","La Calera",,,,25377,
"a7a11bc0","76400",3,"Valle del Cauca","La Unión",,,,76400,
"070274a4","54405",3,"Norte de Santander","Los Patios",,,,54405,
"abbcfc23","25473",3,"Cundinamarca","Mosquera",,,,25473,
"494f9505","41524",3,"Huila","Palermo",,,,41524,
"eb645969","76670",3,"Valle del Cauca","San Pedro",,,,76670,
"82fb757e","76834",3,"Valle del Cauca","Tuluá",,,,76834,
"4bc5a072","25875",3,"Cundinamarca","Villeta",,,,25875,
"de5b9337","76250",3,"Valle del Cauca","El Dovio",,,,76250,
"f2ef1300","5284",3,"Antioquia","Frontino",,,,5284,
"186abadd","15686",3,"Boyacá","Santana",,,,15686,
"ba563b50","8758",3,"Atlántico","Soledad",,,,8758,
"4a5ad9c4","15001",3,"Boyacá","Tunja",,,,15001,
"1c365434","8573",3,"Atlántico","Puerto Colombia",,,,8573,
"f39166d8","25817",3,"Cundinamarca","Tocancipá",,,,25817,
"f1e81386","5467",3,"Antioquia","Montebello",,,,5467,
"e25e5485","63470",3,"Quindio","Montenegro",,,,63470,
"a871b350","54498",3,"Norte de Santander","Ocaña",,,,54498,
"220d47bd","52001",3,"Nariño","Pasto",,,,52001,
"b9d2ef3e","8558",3,"Atlántico","Polonuevo",,,,8558,
"0d41176a","23660",3,"Córdoba","Sahagún",,,,23660,
"1be8daf0","5686",3,"Antioquia","Santa Rosa de Osos",,,,5686,
"d46b11c0","13836",3,"Bolívar","Turbaco",,,,13836,
"a2a60547","25873",3,"Cundinamarca","Villapinzón",,,,25873,
"8b4f23e7","13052",3,"Bolívar","Arjona",,,,13052,
"9abb04d4","5376",3,"Antioquia","La Ceja",,,,5376,
"2891fcc8","23001",3,"Córdoba","Montería",,,,23001,
"3b962bb9","15500",3,"Boyacá","Oicatá",,,,15500,
"a92b60a4","5652",3,"Antioquia","San Francisco",,,,5652,
"f2c4dc56","70001",3,"Sucre","Sincelejo",,,,70001,
"ef73f632","47189",3,"Magdalena","Ciénaga",,,,47189,
"0c1ef970","25758",3,"Cundinamarca","Sopó",,,,25758,
"92d44fe3","54553",3,"Norte de Santander","Puerto Santander",,,,54553,
"3a0631d1","44001",3,"La Guajira","Riohacha",,,,44001,
"005e81df","52835",3,"Nariño","San Andrés de Tumaco",,,,52835,
"ac1f1923","19698",3,"Cauca","Santander de Quilichao",,,,19698,
"c3362c9e","15816",3,"Boyacá","Togüí",,,,15816,
"dcf0c1d7","25899",3,"Cundinamarca","Zipaquirá",,,,25899,
"7a16bbe0","63190",3,"Quindio","Circasia",,,,63190,
"fadc5464","52227",3,"Nariño","Cumbal",,,,52227,
"08dd491b","63272",3,"Quindio","Filandia",,,,63272,
"babdd32f","76845",3,"Valle del Cauca","Ulloa",,,,76845,
"1d3685f1","17042",3,"Caldas","Anserma",,,,17042,
"74f7396e","5129",3,"Antioquia","Caldas",,,,5129,
"ef5194c5","23189",3,"Córdoba","Ciénaga de Oro",,,,23189,
"88129b71","5237",3,"Antioquia","Donmatías",,,,5237,
"c4e1432b","25181",3,"Cundinamarca","Choachí",,,,25181,
"d7ac86ea","25799",3,"Cundinamarca","Tenjo",,,,25799,
"70bbcda2","5197",3,"Antioquia","Cocorná",,,,5197,
"16601a95","50006",3,"Meta","Acacías",,,,50006,
"d8b6618f","76109",3,"Valle del Cauca","Buenaventura",,,,76109,
"b52eb436","76318",3,"Valle del Cauca","Guacarí",,,,76318,
"98bc1f2e","47980",3,"Magdalena","Zona Bananera",,,,47980,
"c2c95701","68081",3,"Santander","Barrancabermeja",,,,68081,
"c624299a","25662",3,"Cundinamarca","San Juan de Rioseco",,,,25662,
"1b29528e","5038",3,"Antioquia","Angostura",,,,5038,
"75cde8b3","19300",3,"Cauca","Guachené",,,,19300,
"62e645ea","76036",3,"Valle del Cauca","Andalucía",,,,76036,
"ca4e0d7c","5212",3,"Antioquia","Copacabana",,,,5212,
"f7909bb0","8296",3,"Atlántico","Galapa",,,,8296,
"4b8da870","76306",3,"Valle del Cauca","Ginebra",,,,76306,
"f3d96eda","76364",3,"Valle del Cauca","Jamundí",,,,76364,
"da18f2d4","63401",3,"Quindio","La Tebaida",,,,63401,
"7d9ffefc","19455",3,"Cauca","Miranda",,,,19455,
"9c2434cf","8560",3,"Atlántico","Ponedera",,,,8560,
"bf920d3a","66682",3,"Risaralda","Santa Rosa de Cabal",,,,66682,
"708b5397","8685",3,"Atlántico","Santo Tomás",,,,8685,
"e70bccac","15798",3,"Boyacá","Tenza",,,,15798,
"ad173ce1","68190",3,"Santander","Cimitarra",,,,68190,
"e0f7ac52","68207",3,"Santander","Concepción",,,,68207,
"4f959204","52210",3,"Nariño","Contadero",,,,52210,
"e4aaa13c","52233",3,"Nariño","Cumbitara",,,,52233,
"3579e3d7","68229",3,"Santander","Curití",,,,68229,
"cc73b8f4","73268",3,"Tolima","Espinal",,,,73268,
"56ff58ce","25269",3,"Cundinamarca","Facatativá",,,,25269,
"96c73ed1","15299",3,"Boyacá","Garagoa",,,,15299,
"ff52ca9f","52399",3,"Nariño","La Unión",,,,52399,
"01718b9c","15696",3,"Boyacá","Santa Sofía",,,,15696,
"defd72ec","25772",3,"Cundinamarca","Suesca",,,,25772,
"2178b9d0","76113",3,"Valle del Cauca","Bugalagrande",,,,76113,
"351b8170","20750",3,"Cesar","San Diego",,,,20750,
"db019e31","15757",3,"Boyacá","Socha",,,,15757,
"e7fc92f1","19807",3,"Cauca","Timbío",,,,19807,
"898b5684","25843",3,"Cundinamarca","Villa de San Diego de Ubaté",,,,25843,
"facd918e","41013",3,"Huila","Agrado",,,,41013,
"8a478ae8","76130",3,"Valle del Cauca","Candelaria",,,,76130,
"e60060c3","23162",3,"Córdoba","Cereté",,,,23162,
"4506eeb2","27",3,"27","Chocó",,,,27,
"797947ec","25200",3,"Cundinamarca","Cogua",,,,25200,
"c99b2a44","76248",3,"Valle del Cauca","El Cerrito",,,,76248,
"75f4db27","5697",3,"Antioquia","El Santuario",,,,5697,
"91faea19","41306",3,"Huila","Gigante",,,,41306,
"7664f74d","41551",3,"Huila","Pitalito",,,,41551,
"3cb9b336","15759",3,"Boyacá","Sogamoso",,,,15759,
"cfe10845","23807",3,"Córdoba","Tierralta",,,,23807,
"8d2f4f57","8078",3,"Atlántico","Baranoa",,,,8078,
"9c07053a","76275",3,"Valle del Cauca","Florida",,,,76275,
"7f7959ed","76890",3,"Valle del Cauca","Yotoco",,,,76890,
"7c3203cd","41359",3,"Huila","Isnos",,,,41359,
"7998fb07","8433",3,"Atlántico","Malambo",,,,8433,
"8dcf9652","73449",3,"Tolima","Melgar",,,,73449,
"1c62a6c4","5665",3,"Antioquia","San Pedro de Urabá",,,,5665,
"48364b4c","47245",3,"Magdalena","El Banco",,,,47245,
"2e8da8be","13620",3,"Bolívar","San Cristóbal",,,,13620,
"eaa8356e","41807",3,"Huila","Timaná",,,,41807,
"129f1ea5","5034",3,"Antioquia","Andes",,,,5034,
"b8300119","18001",3,"Caquetá","Florencia",,,,18001,
"501ae450","13074",3,"Bolívar","Barranco de Loba",,,,13074,
"57d8ea5a","20614",3,"Cesar","Río de Oro",,,,20614,
"072de3f2","20770",3,"Cesar","San Martín",,,,20770,
"bc8b57dd","5313",3,"Antioquia","Granada",,,,5313,
"9ac13270","66400",3,"Risaralda","La Virginia",,,,66400,
"f5480552","91001",3,"Amazonas","Leticia",,,,91001,
"a708537c","19573",3,"Cauca","Puerto Tejada",,,,19573,
"12ed6627","50606",3,"Meta","Restrepo",,,,50606,
"af84ce8a","5756",3,"Antioquia","Sonsón",,,,5756,
"7eeffd62","52838",3,"Nariño","Túquerres",,,,52838,
"93bc5440","41006",3,"Huila","Acevedo",,,,41006,
"15f2dabc","5030",3,"Antioquia","Amagá",,,,5030,
"a6421660","41298",3,"Huila","Garzón",,,,41298,
"6bd48aed","41518",3,"Huila","Paicol",,,,41518,
"26d3a273","41668",3,"Huila","San Agustín",,,,41668,
"813dfd86","76869",3,"Valle del Cauca","Vijes",,,,76869,
"8aa76501","41016",3,"Huila","Aipe",,,,41016,
"c755b9f5","15047",3,"Boyacá","Aquitania",,,,15047,
"ab088f9e","25",3,"25","Cundinamarca",,,,25,
"7d9819bd","13140",3,"Bolívar","Calamar",,,,13140,
"7d576102","50313",3,"Meta","Granada",,,,50313,
"929ed19e","76020",3,"Valle del Cauca","Alcalá",,,,76020,
"dfe0c060","23417",3,"Córdoba","Lorica",,,,23417,
"0842a71c","5079",3,"Antioquia","Barbosa",,,,5079,
"95e60e04","15223",3,"Boyacá","Cubará",,,,15223,
"4a8d4f59","25320",3,"Cundinamarca","Guaduas",,,,25320,
"81d47fd3","68547",3,"Santander","Piedecuesta",,,,68547,
"e478baca","8634",3,"Atlántico","Sabanagrande",,,,8634,
"4d6b118e","13683",3,"Bolívar","Santa Rosa",,,,13683,
"1bde4003","25740",3,"Cundinamarca","Sibaté",,,,25740,
"1b79c436","20060",3,"Cesar","Bosconia",,,,20060,
"63d505de","52224",3,"Nariño","Cuaspúd",,,,52224,
"6d9e36d9","19845",3,"Cauca","Villa rica",,,,19845,
"233f6267","20011",3,"Cesar","Aguachica",,,,20011,
"cd31034b","20013",3,"Cesar","Agustín Codazzi",,,,20013,
"0c9f4d16","20621",3,"Cesar","La Paz",,,,20621,
"163efa85","47570",3,"Magdalena","Puebloviejo",,,,47570,
"e01bd3f4","19256",3,"Cauca","El Tambo",,,,19256,
"f5f77492","73319",3,"Tolima","Guamo",,,,73319,
"09f20f88","8436",3,"Atlántico","Manatí",,,,8436,
"781dcc00","76622",3,"Valle del Cauca","Roldanillo",,,,76622,
"4c441bcd","54820",3,"Norte de Santander","Toledo",,,,54820,
"04daac99","52083",3,"Nariño","Belén",,,,52083,
"059b1246","52560",3,"Nariño","Potosí",,,,52560,
"aa5e18a0","50683",3,"Meta","San Juan de Arama",,,,50683,
"1646a60b","44035",3,"La Guajira","Albania",,,,44035,
"fc2b98f5","19142",3,"Cauca","Caloto",,,,19142,
"1108650b","76233",3,"Valle del Cauca","Dagua",,,,76233,
"40385150","41396",3,"Huila","La Plata",,,,41396,
"6125fa58","44430",3,"La Guajira","Maicao",,,,44430,
"4ebeab08","85250",3,"Casanare","Paz de Ariporo",,,,85250,
"b4dff5d1","15646",3,"Boyacá","Samacá",,,,15646,
"2b8d9bc1","17662",3,"Caldas","Samaná",,,,17662,
"34fb89b0","44650",3,"La Guajira","San Juan del Cesar",,,,44650,
"48e993f7","41020",3,"Huila","Algeciras",,,,41020,
"60b5e030","15131",3,"Boyacá","Caldas",,,,15131,
"9abdb097","15176",3,"Boyacá","Chiquinquirá",,,,15176,
"63a1c91f","17616",3,"Caldas","Risaralda",,,,17616,
"edcef6e1","8638",3,"Atlántico","Sabanalarga",,,,8638,
"974481dd","52036",3,"Nariño","Ancuyá",,,,52036,
"8e547717","23090",3,"Córdoba","Canalete",,,,23090,
"1b2fe6cd","15238",3,"Boyacá","Duitama",,,,15238,
"d0336d90","52317",3,"Nariño","Guachucal",,,,52317,
"e89273ec","52381",3,"Nariño","La Florida",,,,52381,
"a430d42d","15407",3,"Boyacá","Villa de Leyva",,,,15407,
"e968794d","54003",3,"Norte de Santander","Ábrego",,,,54003,
"33ffd4cd","54125",3,"Norte de Santander","Cácota",,,,54125,
"0d7b1772","20178",3,"Cesar","Chiriguaná",,,,20178,
"4a2acb6c","20400",3,"Cesar","La Jagua de Ibirico",,,,20400,
"fe5128d6","52427",3,"Nariño","Magüí",,,,52427,
"1a3f2d2d","17442",3,"Caldas","Marmato",,,,17442,
"f35c8818","17444",3,"Caldas","Marquetalia",,,,17444,
"f848f1cb","8520",3,"Atlántico","Palmar de Varela",,,,8520,
"6769480e","54810",3,"Norte de Santander","Tibú",,,,54810,
"3aa5e740","25178",3,"Cundinamarca","Chipaque",,,,25178,
"9218323c","44098",3,"La Guajira","Distracción",,,,44098,
"33d33cc7","13838",3,"Bolívar","Turbaná",,,,13838,
"68091fa6","15835",3,"Boyacá","Turmequé",,,,15835,
"955dba7a","13442",3,"Bolívar","María la Baja",,,,13442,
"31f5c6c3","17495",3,"Caldas","Norcasia",,,,17495,
"1bf7d937","19548",3,"Cauca","Piendamó",,,,19548,
"4d466a9b","76606",3,"Valle del Cauca","Restrepo",,,,76606,
"f7134f58","8675",3,"Atlántico","Santa Lucía",,,,8675,
"55aaae7e","5148",3,"Antioquia","El Carmen de Viboral",,,,5148,
"3c1fde20","52411",3,"Nariño","Linares",,,,52411,
"e0e8322b","91540",3,"Amazonas","Puerto Nariño",,,,91540,
"de1cce07","8141",3,"Atlántico","Candelaria",,,,8141,
"4fe4698f","25279",3,"Cundinamarca","Fómeque",,,,25279,
"cbeebfcd","15516",3,"Boyacá","Paipa",,,,15516,
"60e8f3b1","25845",3,"Cundinamarca","Une",,,,25845,
"950afd6f","70418",3,"Sucre","Los Palmitos",,,,70418,
"34124d91","13430",3,"Bolívar","Magangué",,,,13430,
"e7a66631","23466",3,"Córdoba","Montelíbano",,,,23466,
"82d711b9","25743",3,"Cundinamarca","Silvania",,,,25743,
"d24b4bcc","68872",3,"Santander","Villanueva",,,,68872,
"d8d1082a","25295",3,"Cundinamarca","Gachancipá",,,,25295,
"8dafa833","17614",3,"Caldas","Riosucio",,,,17614,
"7818fb4a","44279",3,"La Guajira","Fonseca",,,,44279,
"15d25eac","15469",3,"Boyacá","Moniquirá",,,,15469,
"e51d6224","41503",3,"Huila","Oporapa",,,,41503,
"616a536f","54518",3,"Norte de Santander","Pamplona",,,,54518,
"f27b215b","86573",3,"Putumayo","Puerto Leguízamo",,,,86573,
"a6a09907","73624",3,"Tolima","Rovira",,,,73624,
"eedf5801","5190",3,"Antioquia","Cisneros",,,,5190,
"5e87ee9d","63212",3,"Quindio","Córdoba",,,,63212,
"f28dcb86","15480",3,"Boyacá","Muzo",,,,15480,
"2f80ba36","50573",3,"Meta","Puerto López",,,,50573,
"711b7f13","15693",3,"Boyacá","Santa Rosa de Viterbo",,,,15693,
"c06d204b","13873",3,"Bolívar","Villanueva",,,,13873,
"17464122","17013",3,"Caldas","Aguadas",,,,17013,
"c8282ce2","81001",3,"Arauca","Arauca",,,,81001,
"52b86b89","54261",3,"Norte de Santander","El Zulia",,,,54261,
"1dc4a036","5361",3,"Antioquia","Ituango",,,,5361,
"d0235a8e","97001",3,"Vaupés","Mitú",,,,97001,
"9ca0810f","73555",3,"Tolima","Planadas",,,,73555,
"693087cb","76563",3,"Valle del Cauca","Pradera",,,,76563,
"95dbf28a","88564",3,"Archipiélago de San Andrés Providencia y Santa Catalina","Providencia",,,,88564,
"1c754077","86571",3,"Putumayo","Puerto Guzmán",,,,86571,
"4efd89a7","47745",3,"Magdalena","Sitionuevo",,,,47745,
"3d9530d8","15808",3,"Boyacá","Tinjacá",,,,15808,
"9038802e","41206",3,"Huila","Colombia",,,,41206,
"0b829ba7","15224",3,"Boyacá","Cucaita",,,,15224,
"402ca954","5250",3,"Antioquia","El Bagre",,,,5250,
"04b15573","47268",3,"Magdalena","El Retén",,,,47268,
"37494144","15455",3,"Boyacá","Miraflores",,,,15455,
"a14952ff","50568",3,"Meta","Puerto Gaitán",,,,50568,
"7a72d725","63594",3,"Quindio","Quimbaya",,,,63594,
"215b8825","8606",3,"Atlántico","Repelón",,,,8606,
"2e0682f5","18753",3,"Caquetá","San Vicente del Caguán",,,,18753,
"05d39689","15879",3,"Boyacá","Viracachá",,,,15879,
"v89vv9v4","52473",3,"Mosquera","Cundinamarca",,,,52473,
"vhi9sdv0","25307",3,"Girardot","Cundinamarca",,,,25307,
"0be6vm0a","13673",3,"Santa Catalina","Bolívar",,,,13673,
"bbca0b56","47053",3,,"Aracataca",,,,,
"9cc3ba0e","44090",3,,"Dibulla",,,,,
"9a3278fd","47288",3,,"Fundación",,,,,
"7cb2c992","86568",3,,"Puerto Asís",,,,,
"28082a41","41660",3,,"Saladoblanco",,,,,
"d2612169","73678",3,"Tolima","San Luis",,,,,
"4cc3a1c9","19824",3,,"Totoró",,,,,
"85851ea7","5837",3,,"Turbo",,,,,
"be3ea9ad","41132",3,,"Campoalegre",,,,,
"4507d314","5154",3,,"Caucasia",,,,,
"39b4f925","15204",3,,"Cómbita",,,,,
"22798b7c","17433",3,,"Manzanares",,,,,
"3357491a","50680",3,,"San Carlos de Guaroa",,,,,
"9e30cc25","15776",3,,"Sutamarchán",,,,,
"c701fb80","25785",3,,"Tabio",,,,,
"2a5589ab","15810",3,,"Tipacoque",,,,,
"6d7f7667","25245",3,,"El Colegio",,,,25245,
"6f520d9c","19110",3,,"Buenos Aires",,,,19110,
"2f23e06a","25260",3,,"El Rosal",,,,25260,
"6fbc1810","8372",3,,"Juan de Acosta",,,,8372,
"5802e0af","25438",3,,"Medina",,,,25438,
"bbf63964","25488",3,,"Nilo",,,,25488,
"868e723b","52390",3,,"La Tola",,,,52390,
"16d6d787","52378",3,,"La Cruz",,,,52378,
"abd9f508","73275",3,,"Flandes",,,,73275,
"7545fbd0","68755",3,,"Socorro",,,,68755,
"567eeca8","20310",3,,"González",,,,20310,
"fe63ea25","73411",3,,"Líbano",,,,73411,
"8e8dab6a","8421",3,,"Luruaco",,,,8421,
"89b229c0","15533",3,,"Paya",,,,15533,
"9555f45c","25506",3,"Cundinamarca","Venecia",,,,25506,
"12132ffa","15861",3,,"Ventaquemada",,,,15861,
"0ddc9347","25658",3,,"San Francisco",,,,25658,
"0bd2b73e","68101",3,,"Bolívar",,,,68101,
"c78a614e","13222",3,,"Clemencia",,,,13222,
"5dbae4a7","5440",3,,"Marinilla",,,,5440,
"54828361","70473",3,,"Morroa",,,,70473,
"6bb5d162","73547",3,,"Piedras",,,,73547,
"5820be10","68686",3,,"San Miguel",,,,68686,
"5328e6fb","85440",3,"Casanare","Villanueva",,,,85440,
"78834d4d","23182",3,,"Chinú",,,,23182,
"9ff2a612","15676",3,,"San Miguel de Sema",,,,15676,
"df167dba","8849",3,,"Usiacurí",,,,8849,
"89327485","52022",3,,"Aldana",,,,52022,
"783efdf5","8137",3,,"Campo de la Cruz",,,,8137,
"888080d7","73349",3,,"Honda",,,,73349,
"ad1b1c2b","13433",3,,"Mahates",,,,13433,
"094478bb","52435",3,,"Mallama",,,,52435,
"0044bff6","19809",3,,"Timbiquí",,,,19809,
"c4814102","68162",3,,"Cerrito",,,,68162,
"e32354a5","15322",3,,"Guateque",,,,15322,
"078532f5","8832",3,,"Tubará",,,,8832,
"5925523b","20045",3,,"Becerril",,,,20045,
"cb9a730c","50124",3,,"Cabuyaro",,,,50124,
"714f3d66","25151",3,,"Cáqueza",,,,25151,
"2aef2207","25183",3,,"Chocontá",,,,25183,
"c9cc6d51","15212",3,,"Coper",,,,15212,
"d9f4da30","25372",3,,"Junín",,,,25372,
"590102e6","25386",3,,"La Mesa",,,,25386,
"6a76debb","25645",3,,"San Antonio del Tequendama",,,,25645,
"530fa891","47551",3,,"Pivijay",,,,47551,
"c515b3ef","5147",3,,"Carepa",,,,5147,
"6b516c2f","20238",3,,"El Copey",,,,20238,
"2f9c06b0","47258",3,,"El Piñón",,,,47258,
"55ff145b","86001",3,,"Mocoa",,,,86001,
"83c164be","52490",3,,"Olaya Herrera",,,,52490,
"1288f816","86320",3,,"Orito",,,,86320,
"194ce16a","52693",3,"Nariño","San Pablo",,,,52693,
"bdfc73f1","25736",3,,"Sesquilé",,,,25736,
"2e5f12be","85410",3,,"Tauramena",,,,85410,
"0adb267c","86865",3,,"Valle del Guamuez",,,,86865,
"dab28340","76054",3,"Valle del Cauca","Argelia",,,,76054,
"ad3ea5d5","54398",3,,"La Playa",,,,54398,
"67bc48ec","15531",3,,"Pauna",,,,15531,
"dab9c806","13688",3,,"Santa Rosa del Sur",,,,13688,
"abf7f141","25898",3,,"Zipacón",,,,25898,
"bcd0f01f","25867",3,,"Vianí",,,,25867,
"1e915686","25040",3,,"Anolaima",,,,25040,
"3bf2477c","15104",3,,"Boyacá",,,,15104,
"ef36fd60","70215",3,,"Corozal",,,,70215,
"61f7d742","52520",3,,"Francisco Pizarro",,,,52520,
"64181892","5368",3,,"Jericó",,,,5368,
"bfbacda8","25436",3,,"Manta",,,,25436,
"ecfb3ede","15494",3,,"Nuevo Colón",,,,15494,
"2771f625","25535",3,,"Pasca",,,,25535,
"d7ceeee9","8549",3,,"Piojó",,,,8549,
"009e9abe","70713",3,,"San Onofre",,,,70713,
"e9d0449e","15790",3,,"Tasco",,,,15790,
"a7f36b9f","27001",3,,"Quibdó",,,,27001,
"c7fc3bf0","27810",3,,"Unión Panamericana",,,,27810,
"fcd0a016","27430",3,,"Medio Baudó",,,,27430,
"efdf3941","27075",3,,"Bahía Solano",,,,27075,
"f3ef7240","27361",3,,"Istmina",,,,27361,
"83065227","27787",3,,"Tadó",,,,27787,
"78ea58e4","27099",3,,"Bojayá",,,,27099,
"c4a453ae","86757",3,,"San Miguel",,,,86757,
"5bca9896","66088",3,,"Belén de Umbría",,,,66088,
"876c96b8","27160",3,,"Cértegui",,,,27160,
"a31a7be8","27205",3,,"Condoto",,,,27205,
"78b363fd","13244",3,,"El Carmen de Bolívar",,,,13244,
"0ad53b9b","25258",3,"Cundinamarca","El Peñón",,,,25258,
"c296f560","94001",3,,"Inírida",,,,94001,
"47be31e6","13468",3,,"Mompós",,,,13468,
"dd79a682","25572",3,,"Puerto Salgar",,,,25572,
"ffa8abda","13657",3,,"San Juan Nepomuceno",,,,13657,
"6d1a7f4c","73443",3,,"San Sebastián de Mariquita",,,,73443,
"678537a8","25841",3,,"Ubaque",,,,25841,
"e10e638e","5890",3,,"Yolombó",,,,5890,
"0dfaa314","25001",3,,"Agua de Dios",,,,25001,
"63975948","52079",3,,"Barbacoas",,,,52079,
"45433bc1","15109",3,"Boyacá","Buenavista",,,,15109,
"d5fa9213","5306",3,,"Giraldo",,,,5306,
"04a9379c","20570",3,,"Pueblo Bello",,,,20570,
"30fc2dbd","99001",3,,"Puerto Carreño",,,,99001,
"3014abed","25797",3,,"Tena",,,,25797,
"7f2b538e","47161",3,,"Cerro de San Antonio",,,,47161,
"41bb7946","86219",3,"Putumayo","Colón",,,,86219,
"e390aefd","25407",3,,"Lenguazaque",,,,25407,
"cc5dbcbd","25885",3,,"Yacopí",,,,25885,
"7513630a","5670",3,,"San Roque",,,,5670,
"1aeb38b9","5138",3,,"Cañasgordas",,,,5138,
"3fff668b","52215",3,"Nariño","Córdoba",,,,52215,
"e135c665","68307",3,,"Girón",,,,68307,
"0edda1eb","44378",3,,"Hatonuevo",,,,44378,
"67424745","19418",3,,"López de Micay",,,,19418,
"e807352a","76497",3,,"Obando",,,,76497,
"d47927bb","27600",3,,"Río Quito",,,,27600,
"64f5087e","47692",3,,"San Sebastián de Buenavista",,,,47692,
"8fa1d4d1","19743",3,,"Silvia",,,,19743,
"e3aa5814","52885",3,,"Yacuanquer",,,,52885,
"f235f655","54313",3,,"Gramalote",,,,54313,
"657aabf0","52320",3,,"Guaitarilla",,,,52320,
"9ada55ff","52480",3,"Nariño","Nariño",,,,52480,
"eb72cb47","52585",3,,"Pupiales",,,,52585,
"e934751e","52685",3,"Nariño","San Bernardo",,,,52685,
"dee70ab1","27800",3,,"Unguía",,,,27800,
"4ad6e89b","5854",3,,"Valdivia",,,,5854,
"ac32eefb","68077",3,,"Barbosa",,,,68077,
"2bf95700","52250",3,,"El Charco",,,,52250,
"a3695068","68322",3,,"Guapotá",,,,68322,
"54400e7f","23555",3,,"Planeta Rica",,,,23555,
"11715c6b","23574",3,,"Puerto Escondido",,,,23574,
"78e72188","23586",3,,"Purísima de la Concepción",,,,23586,
"0c9b1fb2","44078",3,,"Barrancas",,,,44078,
"49099b37","25120",3,,"Cabrera",,,,25120,
"efffb7f5","52385",3,,"La Llanada",,,,52385,
"b463a6ee","19532",3,,"Patía",,,,19532,
"9e5214a3","5172",3,,"Chigorodó",,,,5172,
"9a8659ac","54206",3,,"Convención",,,,54206,
"27d2ac79","50226",3,,"Cumaral",,,,50226,
"2e230743","76246",3,,"El Cairo",,,,76246,
"9f96cad7","15272",3,,"Firavitoba",,,,15272,
"a6a1fce9","25426",3,,"Machetá",,,,25426,
"858972bd","52573",3,,"Puerres",,,,52573,
"a6925bf4","52612",3,"Nariño","Ricaurte",,,,52612,
"8a95ad56","5789",3,,"Támesis",,,,5789,
"1a3a1a67","25019",3,"Cundinamarca","Albán",,,,25019,
"d4285284","25599",3,,"Apulo",,,,25599,
"5f7ab3f8","52051",3,,"Arboleda",,,,52051,
"690be23d","23079",3,"Córdoba","Buenavista",,,,23079,
"9d1ab7b6","70110",3,"Sucre","Buenavista",,,,70110,
"b15a206c","70124",3,,"Caimito",,,,70124,
"b1e7a638","17486",3,,"Neira",,,,17486,
"6e829b69","70702",3,,"San Juan de Betulia",,,,70702,
"073a1432","52687",3,,"San Lorenzo",,,,52687,
"8e577277","70708",3,,"San Marcos",,,,70708,
"86bbd1e0","8770",3,,"Suan",,,,8770,
"6ccf75a1","81794",3,,"Tame",,,,81794,
"1d9f07f4","25815",3,,"Tocaima",,,,25815,
"b91a0058","44847",3,,"Uribia",,,,44847,
"1d90642a","44560",3,,"Manaure",,,,44560,
"8965bf5d","25612",3,"Cundinamarca","Ricaurte",,,,25612,
"b3c3468e","76041",3,,"Ansermanuevo",,,,76041,
"6391715c","5",3,,"Antioquia",,,,5,
"ad83af4c","27050",3,,"Atrato",,,,27050,
"0717e3ea","23068",3,,"Ayapel",,,,23068,
"57a8f8f2","15215",3,,"Corrales",,,,15215,
"2d384db2","15814",3,,"Toca",,,,15814,
"3574dccf","25878",3,,"Viotá",,,,25878,
"33d0439b","20250",3,,"El Paso",,,,20250,
"937de076","68406",3,,"Lebrija",,,,68406,
"3858ed67","23419",3,,"Los Córdobas",,,,23419,
"987e6e65","5495",3,,"Nechí",,,,5495,
"b9e6dffa","70820",3,,"Santiago de Tolú",,,,70820,
"38f45828","23815",3,,"Tuchín",,,,23815,
"92a8cd04","27025",3,,"Alto Baudó",,,,27025,
"32e26641","52240",3,,"Chachagüí",,,,52240,
"5dd07207","23300",3,,"Cotorra",,,,23300,
"00d404c3","52260",3,,"El Tambo",,,,52260,
"c5224cf2","73283",3,,"Fresno",,,,73283,
"a3eeea6c","25326",3,,"Guatavita",,,,25326,
"7a2a9205","95001",3,,"San José del Guaviare",,,,95001,
"0057d02b","52683",3,,"Sandoná",,,,52683,
"34af4dac","5051",3,,"Arboletes",,,,5051,
"06bc9c74","27073",3,,"Bagadó",,,,27073,
"ae7450a2","68377",3,,"La Belleza",,,,68377,
"a30295ca","54377",3,,"Labateca",,,,54377,
"bfb10a23","54480",3,,"Mutiscua",,,,54480,
"68723c74","25718",3,,"Sasaima",,,,25718,
"ea5224b3","5790",3,,"Tarazá",,,,5790,
"045c459f","5792",3,,"Tarso",,,,5792,
"d78ee41d","41799",3,,"Tello",,,,41799,
"4634df1e","54871",3,,"Villa Caro",,,,54871,
"6671c76c","5887",3,,"Yarumal",,,,5887,
"cc7fde4a","41885",3,,"Yaguará",,,,41885,
"17234809","41615",3,,"Rivera",,,,41615,
"73cb0e21","76377",3,,"La Cumbre",,,,76377,
"2c06821b","41483",3,,"Nátaga",,,,41483,
"5739605d","41530",3,"Huila","Palestina",,,,41530,
"290eff42","73585",3,,"Purificación",,,,73585,
"b4ebb58d","68167",3,,"Charalá",,,,68167,
"8a719672","27135",3,,"El Cantón San Pablo",,,,27135,
"b03051e5","5642",3,,"Salgar",,,,5642,
"ce0f06b5","70670",3,,"Sampués",,,,70670,
"53fa5cfb","13670",3,"Bolívar","San Pablo",,,,13670,
"872874c9","52694",3,,"San Pedro de Cartago",,,,52694,
"692615e5","52696",3,"Nariño","Santa Bárbara",,,,52696,
"71ff4e93","52786",3,,"Taminango",,,,52786,
"5c989d2c","23855",3,,"Valencia",,,,23855,
"2c18d2de","47058",3,,"Ariguaní",,,,47058,
"724a5d6e","20228",3,,"Curumaní",,,,20228,
"2c949319","52254",3,,"El Peñol",,,,52254,
"620d51c0","19318",3,,"Guapí",,,,19318,
"2d56f92e","52354",3,,"Imués",,,,52354,
"82ca441c","70400",3,"Sucre","La Unión",,,,70400,
"28371d13","70523",3,,"Palmito",,,,70523,
"d000ca8d","25123",3,,"Cachipay",,,,25123,
"c89fa381","68689",3,,"San Vicente de Chucurí",,,,68689,
"67a9536f","76736",3,,"Sevilla",,,,76736,
"b1227ce2","73461",3,,"Murillo",,,,73461,
"6430d2a4","23675",3,,"San Bernardo del Viento",,,,23675,
"3242bf14","5308",3,,"Girardota",,,,5308,
"8fae7db6","25312",3,,"Granada",,,,25312,
"a0776ba7","70265",3,,"Guaranda",,,,70265,
"c9209e3a","70429",3,,"Majagual",,,,70429,
"bf3d77ac","68432",3,,"Málaga",,,,68432,
"b74f5fd2","20443",3,,"Manaure Balcón del Cesar",,,,20443,
"1cbbca3c","13600",3,,"Río Viejo",,,,13600,
"14b6598d","52621",3,,"Roberto Payán",,,,52621,
"47185cf0","54720",3,,"Sardinata",,,,54720,
"37196ddd","68770",3,,"Suaita",,,,68770,
"4f2dd5eb","73873",3,,"Villarrica",,,,73873,
"1832090c","97889",3,,"Yavaraté",,,,97889,
"dd009fe2","70235",3,,"Galeras",,,,70235,
"4de08b40","25324",3,,"Guataquí",,,,25324,
"7d47c106","15325",3,,"Guayatá",,,,15325,
"3ef9b92c","5659",3,,"San Juan de Urabá",,,,5659,
"ce3506ad","73168",3,,"Chaparral",,,,73168,
"4c22e177","25224",3,,"Cucunubá",,,,25224,
"c776beec","27245",3,,"El Carmen de Atrato",,,,27245,
"d8e792d9","5353",3,,"Hispania",,,,5353,
"7b8ab7ae","5425",3,,"Maceo",,,,5425,
"7b53db56","13440",3,,"Margarita",,,,13440,
"cc9705b9","20517",3,,"Pailitas",,,,20517,
"748791e7","68655",3,,"Sabana de Torres",,,,68655,
"acd05dd4","73675",3,,"San Antonio",,,,73675,
"61cc3e79","13650",3,,"San Fernando",,,,13650,
"d485f819","13667",3,,"San Martín de Loba",,,,13667,
"0f3ed677","13810",3,,"Tiquisio",,,,13810,
"0aee5e6d","70742",3,,"San Luis de Sincé",,,,70742,
"b4bd2d57","5042",3,,"Santa Fé de Antioquia",,,,5042,
"1eb5065b","20383",3,,"La Gloria",,,,20383,
"57ef932e","27413",3,,"Lloró",,,,27413,
"c49f2d8f","47707",3,,"Santa Ana",,,,47707,
"dff6de83","13188",3,,"Cicuco",,,,13188,
"44f74d3c","68575",3,,"Puerto Wilches",,,,68575,
"0b3e0221","44874",3,"La Guajira","Villanueva",,,,44874,
"ef0ff818","20295",3,,"Gamarra",,,,20295,
"101d156c","52678",3,,"Samaniego",,,,52678,
"7aa19fd1","23686",3,,"San Pelayo",,,,23686,
"6bb4b48c","25745",3,,"Simijaca",,,,25745,
"e6841fba","5873",3,,"Vigía del Fuerte",,,,5873,
"991f4f7d","81065",3,,"Arauquita",,,,81065,
"8800515f","20032",3,,"Astrea",,,,20032,
"01d1586d","27077",3,,"Bajo Baudó",,,,27077,
"138d33a2","73217",3,,"Coyaima",,,,73217,
"c1af3040","73483",3,,"Natagaima",,,,73483,
"161c9872","23570",3,,"Pueblo Nuevo",,,,23570,
"3a4cafac","66572",3,,"Pueblo Rico",,,,66572,
"918484bd","23580",3,,"Puerto Libertador",,,,23580,
"c05aa56a","5647",3,,"San Andrés de Cuerquía",,,,5647,
"07f35ea7","70717",3,,"San Pedro",,,,70717,
"20ef8e40","70823",3,,"Tolú Viejo",,,,70823,
"2956ba62","85010",3,,"Aguazul",,,,85010,
"5b47bcbf","25086",3,,"Beltrán",,,,25086,
"5d646f1e","19130",3,,"Cajibío",,,,19130,
"c300fabd","19137",3,,"Caldono",,,,19137,
"a4832e75","25322",3,,"Guasca",,,,25322,
"595d0eb5","23500",3,,"Moñitos",,,,23500,
"4d795dc9","47545",3,,"Pijiño del Carmen",,,,47545,
"145a262b","23670",3,,"San Andrés de Sotavento",,,,23670,
"1a81ae19","23678",3,"Córdoba","San Carlos",,,,23678,
"66a1fa60","13654",3,,"San Jacinto",,,,13654,
"bc35de4d","54680",3,"Norte de Santander","Santiago",,,,54680,
"b8ca5c14","70771",3,,"Sucre",,,,70771,
"0f13ad62","76895",3,,"Zarzal",,,,76895,
"ea23d59c","17050",3,,"Aranzazu",,,,17050,
"d2e3906f","25099",3,,"Bojacá",,,,25099,
"73ca6bcf","20175",3,,"Chimichagua",,,,20175,
"812afcb7","70204",3,,"Coloso",,,,70204,
"34633ad7","70233",3,,"El Roble",,,,70233,
"6806fa11","5483",3,"Antioquia","Nariño",,,,5483,
"449c889e","54520",3,,"Pamplonita",,,,54520,
"0e8965f7","5579",3,,"Puerto Berrío",,,,5579,
"4b23078d","13760",3,,"Soplaviento",,,,13760,
"c08a9866","13894",3,,"Zambrano",,,,13894,
"e6b39a9b","13647",3,,"San Estanislao",,,,13647,
"369f551e","20550",3,,"Pelaya",,,,20550,
"925412a6","13042",3,,"Arenal",,,,13042,
"48a034a2","19075",3,"Cauca","Balboa",,,,19075,
"b57f4760","5142",3,,"Caracolí",,,,5142,
"cf87f2ff","52203",3,"Nariño","Colón",,,,52203,
"51774474","20710",3,,"San Alberto",,,,20710,
"782efc07","81736",3,,"Saravena",,,,81736,
"ad6a6b6d","70230",3,,"Chalán",,,,70230,
"54626c88","47555",3,,"Plato",,,,47555,
"3d3f31d4","5604",3,,"Remedios",,,,5604,
"fa544707","23672",3,,"San Antero",,,,23672,
"4a8bf1be","50689",3,,"San Martín",,,,50689,
"884baacc","54743",3,,"Silos",,,,54743,
"1c901419","97666",3,,"Taraira",,,,97666,
"5dde8862","5044",3,,"Anzá",,,,5044,
"c3766aba","70221",3,,"Coveñas",,,,70221,
"93fa5a72","25402",3,,"La Vega",,,,25402,
"9ea463c0","73408",3,,"Lérida",,,,73408,
"5c4e1463","25486",3,,"Nemocón",,,,25486,
"93882854","15599",3,,"Ramiriquí",,,,15599,
"703ead09","15774",3,,"Susacón",,,,15774,
"261f295d","25839",3,,"Ubalá",,,,25839,
"89ceab27","66045",3,,"Apía",,,,66045,
"0d2b81ca","5120",3,,"Cáceres",,,,5120,
"7d52da85","76122",3,,"Caicedonia",,,,76122,
"111bcacb","5234",3,,"Dabeiba",,,,5234,
"637e0a73","85139",3,,"Maní",,,,85139,
"8dd3a619","70508",3,,"Ovejas",,,,70508,
"c0d48e87","70678",3,,"San Benito abad",,,,70678,
"bf0f83b3","5113",3,,"Buriticá",,,,5113,
"0125c9e9","25154",3,,"Carmen de Carupa",,,,25154,
"481ad3de","5101",3,,"Ciudad Bolívar",,,,5101,
"831ad2e9","19212",3,,"Corinto",,,,19212,
"5e49f3cc","76243",3,,"El Águila",,,,76243,
"4a32a983","47318",3,,"Guamal",,,,47318,
"ae14528b","25394",3,,"La Palma",,,,25394,
"2b532694","47605",3,,"Remolino",,,,47605,
"500b5122","5819",3,,"Toledo",,,,5819,
"4b8ac3fc","68079",3,,"Barichara",,,,68079,
"7d417545","5125",3,,"Caicedo",,,,5125,
"06d589dd","23168",3,,"Chimá",,,,23168,
"ce5eff47","66383",3,,"La Celia",,,,66383,
"f10fabab","5480",3,,"Mutatá",,,,5480,
"ad94e809","68573",3,,"Puerto Parra",,,,68573,
"0ccfdbae","5679",3,"Antioquia","Santa Bárbara",,,,5679,
"1ed16a9e","20787",3,,"Tamalameque",,,,20787,
"433e3438","17777",3,,"Supía",,,,17777,
"7e4f4f78","94663",3,,"Mapiripana",,,,94663,
"7436da5f","94884",3,,"Puerto Colombia",,,,94884,
"ea524ffc","94883",3,,"San Felipe",,,,94883,
"034d09c5","13549",3,,"Pinillos",,,,13549,
"cff8f9b5","66687",3,,"Santuario",,,,66687,
"c8ea36e6","52207",3,,"Consacá",,,,52207,
"09a8071d","23464",3,,"Momil",,,,23464,
"6c936225","13458",3,,"Montecristo",,,,13458,
"06fd43eb","5475",3,,"Murindó",,,,5475,
"f152f4fa","19513",3,,"Padilla",,,,19513,
"bd08e275","27615",3,,"Riosucio",,,,27615,
"63c09290","25649",3,"Cundinamarca","San Bernardo",,,,25649,
"0afca2af","19050",3,"Cauca","Argelia",,,,19050,
"a0627024","13062",3,,"Arroyohondo",,,,13062,
"d87f2b1a","54099",3,,"Bochalema",,,,54099,
"9c91ca51","15491",3,,"Nobsa",,,,15491,
"fc9aa971","85263",3,,"Pore",,,,85263,
"3997fe3c","27006",3,,"Acandí",,,,27006,
"2919844f","15218",3,,"Covarachía",,,,15218,
"0033bcee","52287",3,,"Funes",,,,52287,
"e8149aea","5490",3,,"Necoclí",,,,5490,
"a9445654","91669",3,,"Puerto Santander",,,,91669,
"10eb54e3","68615",3,,"Rionegro",,,,68615,
"4f07bf4e","68679",3,,"San Gil",,,,68679,
"35cdfece","52019",3,"Nariño","Albán",,,,52019,
"398f101e","54174",3,,"Chitagá",,,,54174,
"2c24e0ec","25483",3,,"Nariño",,,,25483,
"9ed1c04b","5591",3,,"Puerto Triunfo",,,,5591,
"af3e29f6","19622",3,,"Rosas",,,,19622,
"71ed95ce","86760",3,"Putumayo","Santiago",,,,86760,
"aa8a0790","27450",3,,"Medio San Juan",,,,27450,
"9ad9dc52","15572",3,,"Puerto Boyacá",,,,15572,
"f15513bb","13006",3,,"Achí",,,,13006,
"a2e3f8e4","66075",3,"Risaralda","Balboa",,,,66075,
"59379815","5240",3,,"Ebéjico",,,,5240,
"c6916781","5347",3,,"Heliconia",,,,5347,
"20a78642","23350",3,,"La Apartada",,,,23350,
"45c36684","52418",3,,"Los Andes",,,,52418,
"95a165d8","27425",3,,"Medio Atrato",,,,27425,
"aa992e39","25594",3,,"Quetame",,,,25594,
"4e0f5035","44855",3,,"Urumita",,,,44855,
"7614638c","5093",3,,"Betulia",,,,5093,
"fc73fa4a","52323",3,,"Gualmatán",,,,52323,
"feadf774","66440",3,,"Marsella",,,,66440,
"27e2886d","5649",3,"Antioquia","San Carlos",,,,5649,
"2c5a8e48","47205",3,"Magdalena","Concordia",,,,47205,
"55d85a31","44110",3,,"El Molino",,,,44110,
"03e4cdb4","68250",3,"Santander","El Peñón",,,,68250,
"f52c6997","91405",3,,"La Chorrera",,,,91405,
"30f77d2c","68397",3,,"La Paz",,,,68397,
"b036e5a6","15442",3,,"Maripí",,,,15442,
"a17976eb","5107",3,,"Briceño",,,,5107,
"36bbb546","18247",3,,"El Doncello",,,,18247,
"0df50a73","19450",3,,"Mercaderes",,,,19450,
"7bdc2f74","68500",3,,"Oiba",,,,68500,
"72cb598d","18785",3,,"Solita",,,,18785,
"91649701","5895",3,,"Zaragoza",,,,5895,
"6c6c3e8e","5264",3,,"Entrerríos",,,,5264,
"31b2ad1f","25293",3,,"Gachalá",,,,25293,
"6ddefc30","68418",3,,"Los Santos",,,,68418,
"a6ca394b","19473",3,,"Morales",,,,19473,
"727ea713","5674",3,,"San Vicente Ferrer",,,,5674,
"37796ff4","25793",3,,"Tausa",,,,25793,
"11914fd7","5861",3,"Antioquia","Venecia",,,,5861,
"83b621d2","50150",3,,"Castilla la Nueva",,,,50150,
"4632278d","68296",3,,"Galán",,,,68296,
"7138780a","27491",3,,"Nóvita",,,,27491,
"f6302901","18592",3,"Caquetá","Puerto Rico",,,,18592,
"deb4e9f1","54599",3,,"Ragonvalia",,,,54599,
"6383abe8","73616",3,,"Rioblanco",,,,73616,
"5c7e3ad3","15740",3,,"Siachoque",,,,15740,
"1acd08ea","5761",3,,"Sopetrán",,,,5761,
"ba1dca67","19780",3,,"Suárez",,,,19780,
"5819103a","91798",3,,"Tarapacá",,,,91798,
"da2d1ddf","15806",3,,"Tibasosa",,,,15806,
"86077e8a","15837",3,,"Tuta",,,,15837,
"ac41c57b","27150",3,,"Carmen del Darién",,,,27150,
"4487e5b5","5209",3,"Antioquia","Concordia",,,,5209,
"2b2926dc","68464",3,,"Mogotes",,,,68464,
"cefda51b","13490",3,,"Norosí",,,,13490,
"4a1499d0","47541",3,,"Pedraza",,,,47541,
"c571df2a","5543",3,,"Peque",,,,5543,
"d2a17c7c","18610",3,,"San José del Fragua",,,,18610,
"a22de5b5","73024",3,,"Alpujarra",,,,73024,
"9e83367d","25053",3,,"Arbeláez",,,,25053,
"645c675d","95015",3,,"Calamar",,,,95015,
"1c5052db","68344",3,,"Hato",,,,68344,
"80a73513","5585",3,,"Puerto Nare",,,,5585,
"4a6e9998","68720",3,,"Santa Helena del Opón",,,,68720,
"eb904e84","5690",3,,"Santo Domingo",,,,5690,
"f9de690c","5736",3,,"Segovia",,,,5736,
"69259c48","15764",3,,"Soracá",,,,15764,
"94580bf2","86885",3,,"Villagarzón",,,,86885,
"db55dc44","25095",3,,"Bituima",,,,25095,
"4fae7b3f","13160",3,,"Cantagallo",,,,13160,
"b382affd","18150",3,,"Cartagena del Chairá",,,,18150,
"d0ecb52b","54172",3,,"Chinácota",,,,54172,
"eca7328d","13212",3,"Bolívar","Córdoba",,,,13212,
"25820667","5310",3,,"Gómez Plata",,,,5310,
"1a7008d7","13300",3,,"Hatillo de Loba",,,,13300,
"22692b78","52405",3,,"Leiva",,,,52405,
"7dcc5bc8","23682",3,,"San José de Uré",,,,23682,
"6b659652","5664",3,,"San Pedro los Milagros",,,,5664,
"34237cf3","15804",3,,"Tibaná",,,,15804,
"7e19bced","68855",3,,"Valle de San José",,,,68855,
"a4d889b7","5856",3,"Antioquia","Valparaíso",,,,5856,
"d438f824","5206",3,,"Concepción",,,,5206,
"6c08524b","5660",3,"Antioquia","San Luis",,,,5660,
"c3f2e996","47703",3,,"San Zenón",,,,47703,
"68cddaae","47720",3,,"Santa Bárbara de Pinto",,,,47720,
"49106063","5809",3,,"Titiribí",,,,5809,
"baae7cef","5842",3,,"Uramita",,,,5842,
"bf7b45d6","25288",3,,"Fúquene",,,,25288,
"36df6906","25297",3,,"Gachetá",,,,25297,
"18e40c8e","85230",3,,"Orocué",,,,85230,
"96d045dc","73504",3,,"Ortega",,,,73504,
"a2a49338","54673",3,,"San Cayetano",,,,54673,
"30d17137","41770",3,,"Suaza",,,,41770,
"d0d1e853","5002",3,,"Abejorral",,,,5002,
"5ab34c7b","5040",3,,"Anorí",,,,5040,
"19984edf","18094",3,,"Belén de los Andaquíes",,,,18094,
"f6f7af1d","50251",3,,"El Castillo",,,,50251,
"1b8cb635","5282",3,,"Fredonia",,,,5282,
"39d621a3","5400",3,"Antioquia","La Unión",,,,5400,
"c7e22d41","68385",3,,"Landázuri",,,,68385,
"abbd99cd","73671",3,,"Saldaña",,,,73671,
"f26cc7e8","5667",3,,"San Rafael",,,,5667,
"d9556c2f","41791",3,,"Tarqui",,,,41791,
"61e81498","76863",3,,"Versalles",,,,76863,
"84ddeba9","18029",3,,"Albania",,,,18029,
"6a13d790","73043",3,,"Anzoátegui",,,,73043,
"1f65a642","5086",3,,"Belmira",,,,5086,
"1188b483","25148",3,,"Caparrapí",,,,25148,
"05cdbc70","73152",3,,"Casabianca",,,,73152,
"2a8f202e","68160",3,,"Cepitá",,,,68160,
"56bc61b6","73236",3,,"Dolores",,,,73236,
"6529328c","41349",3,,"Hobo",,,,41349,
"ca94e829","54385",3,,"La Esperanza",,,,54385,
"49fe89ba","5658",3,,"San José la Montaña",,,,5658,
"cac48860","5847",3,,"Urrao",,,,5847,
"4f137b02","5501",3,,"Olaya",,,,5501,
"16a37ea8","41548",3,,"Pital",,,,41548,
"5f4d7a09","68682",3,,"San Joaquín",,,,68682,
"d5835726","41872",3,,"Villavieja",,,,41872,
"3a74c59e","5059",3,,"Armenia",,,,5059,
"6f38add0","73347",3,,"Herveo",,,,73347,
"ccf109f2","25489",3,,"Nimaima",,,,25489,
"0ee7a1f3","47460",3,,"Nueva Granada",,,,47460,
"11a6caf6","13655",3,,"San Jacinto del Cauca",,,,13655,
"dc6c5a28","15753",3,,"Soatá",,,,15753,
"d5a02a03","13780",3,,"Talaigua Nuevo",,,,13780,
"11375259","47170",3,,"Chivolo",,,,47170,
"746b795b","99524",3,,"La Primavera",,,,99524,
"57ca2074","5411",3,,"Liborina",,,,5411,
"856d433d","15466",3,,"Monguí",,,,15466,
"89db27be","85162",3,,"Monterrey",,,,85162,
"a4c445a9","17524",3,"Caldas","Palestina",,,,17524,
"0bb5f904","86569",3,,"Puerto Caicedo",,,,86569,
"43fa8b0c","25592",3,,"Quebradanegra",,,,25592,
"ae46a4bd","5656",3,,"San Jerónimo",,,,5656,
"57b858f6","50223",3,,"San Luis de Cubarral",,,,50223,
"7499fd6a","47030",3,,"Algarrobo",,,,47030,
"8d9ab1c9","15189",3,,"Ciénega",,,,15189,
"24fa8b2c","19364",3,,"Jambaló",,,,19364,
"7655bc13","27495",3,,"Nuquí",,,,27495,
"4dac2717","66594",3,,"Quinchía",,,,66594,
"977ec7b1","18860",3,"Caquetá","Valparaíso",,,,18860,
"7a11ec24","54051",3,,"Arboledas",,,,54051,
"135d7492","5134",3,,"Campamento",,,,5134,
"58a7b491","18256",3,,"El Paujíl",,,,18256,
"c6a7fd72","25281",3,,"Fosca",,,,25281,
"d125a812","18410",3,,"La Montañita",,,,18410,
"fea3b730","18479",3,,"Morelia",,,,18479,
"fcf3a70f","15632",3,,"Saboyá",,,,15632,
"331be54d","13030",3,,"Altos del Rosario",,,,13030,
"4dd32c5d","52110",3,,"Buesaco",,,,52110,
"3ea84a7a","76403",3,,"La Victoria",,,,76403,
"fd058d64","68013",3,,"Aguada",,,,68013,
"d1674401","25299",3,,"Gama",,,,25299,
"bf1997f4","50325",3,,"Mapiripán",,,,50325,
"d668523a","50330",3,,"Mesetas",,,,50330,
"118d83c9","17513",3,,"Pácora",,,,17513,
"7e9e06e9","25851",3,,"Útica",,,,25851,
"39b24d66","5004",3,,"Abriaquí",,,,5004,
"372d2d81","15051",3,,"Arcabuco",,,,15051,
"b9f6b547","68132",3,,"California",,,,68132,
"73d37719","85125",3,,"Hato Corozal",,,,85125,
"9b8a2eca","41357",3,,"Íquira",,,,41357,
"496df7f2","25524",3,,"Pandi",,,,25524,
"1c264e11","15638",3,,"Sáchica",,,,15638,
"3badc282","54670",3,,"San Calixto",,,,54670,
"3a074fe8","86749",3,,"Sibundoy",,,,86749,
"3ca95546","19821",3,,"Toribío",,,,19821,
"62f5ea2a","5031",3,,"Amalfi",,,,5031,
"211417fe","54239",3,,"Durania",,,,54239,
"0e9208dc","54250",3,,"El Tarra",,,,54250,
"191f445e","68444",3,,"Matanza",,,,68444,
"2b7fbe06","5541",3,,"Peñol",,,,5541,
"280ac602","50590",3,"Meta","Puerto Rico",,,,50590,
"561c8e0f","68669",3,,"San Andrés",,,,68669,
"52592b37","68861",3,,"Vélez",,,,68861,
"a16ad92b","76100",3,,"Bolívar",,,,76100,
"a5cd39cd","19290",3,,"Florencia",,,,19290,
"465eb5eb","63302",3,,"Génova",,,,63302,
"f63f30e3","19517",3,,"Páez",,,,19517,
"c9f82d0d","68533",3,,"Páramo",,,,68533,
"77a7f894","17653",3,,"Salamina",,,,17653,
"b62edf3c","68684",3,,"San José de Miranda",,,,68684,
"5f48710b","73067",3,,"Ataco",,,,73067,
"515623e3","17088",3,,"Belalcázar",,,,17088,
"fc03642f","73148",3,,"Carmen de Apicalá",,,,73148,
"71052fd6","13248",3,,"El Guamo",,,,13248,
"185ec6c9","41319",3,,"Guadalupe",,,,41319,
"874f91a1","15362",3,,"Iza",,,,15362,
"4a0132d6","19392",3,,"La Sierra",,,,19392,
"571b02aa","25530",3,,"Paratebueno",,,,25530,
"7f59ad65","63690",3,,"Salento",,,,63690,
"6be0f6f9","15087",3,,"Belén",,,,15087,
"fbfa0fd3","15232",3,,"Chíquiza",,,,15232,
"06bf1f7d","5628",3,,"Sabanalarga",,,,5628,
"78073234","5893",3,,"Yondó",,,,5893,
"7767294c","68051",3,,"Aratoca",,,,68051,
"738e393b","68255",3,,"El Playón",,,,68255,
"0ea976fd","95200",3,,"Miraflores",,,,95200,
